,Reference,IncidentID,TotalConfirmedPowercut,PowercutCategory,ElapsedTime,EstimatedTimeTillResolution,LoggedTime,NatureOfOutage,TotalPredictedPowercut,Priority,Type,CustomerStageSequence,IncidentStatus,InsertDate,UpdateDate,Reason,CustomerStageSequenceMessage,Postcode,Area,Lat,Lng,IsAffected,ID,Label,IncidentsConfigId,CustomETRMessageFlag,CustomETRMessage,CustomETRMessagePArea,ConfigStatus,IsCustomIncident,ManageCustomIncidentsId
0,INCD-384526-A,A0005de0eINCD,0,LV Restoration,0d 3:7,1900-01-01T00:00:00,2023-03-30T08:47:00Z,Localised Fault,4,3,LV,4,6,2023-03-30T08:50:40Z,2023-03-30T12:00:20Z,"The power cut affecting your property has been caused by an unexpected problem with the cables or equipment that serve your area. If you need to report an emergency, please call 105",Our team are working hard to restore your power as quickly as possible,DN19 7LP,Yorkshire,53.6642,-0.339125,0,1725450,,0,False,,,False,False,0
1,INCD-384522-A,A0005de0aINCD,1,U/G LV Mains Repair (Other),0d 5:17,2023-03-30T16:00:00Z,2023-03-30T08:27:00Z,Localised Fault,11,3,LV,4,5,2023-03-30T08:30:39Z,2023-03-30T13:45:29Z,"The power cut affecting your property has been caused by an unexpected problem with the cables or equipment that serve your area. If you need to report an emergency, please call 105",Our team are working hard to restore your power as quickly as possible,WF1  1XQ,Yorkshire,53.6822,-1.50178,1,1725357,,0,False,,,False,False,0
2,INCD-384522-A,A0005de0aINCD,1,U/G LV Mains Repair (Other),0d 5:17,2023-03-30T16:00:00Z,2023-03-30T08:27:00Z,Localised Fault,11,3,LV,4,5,2023-03-30T08:30:39Z,2023-03-30T13:45:29Z,"The power cut affecting your property has been caused by an unexpected problem with the cables or equipment that serve your area. If you need to report an emergency, please call 105",Our team are working hard to restore your power as quickly as possible,WF1  1XJ,Yorkshire,53.6824,-1.50159,1,1725357,,0,False,,,False,False,0
3,INCD-384522-A,A0005de0aINCD,1,U/G LV Mains Repair (Other),0d 5:17,2023-03-30T16:00:00Z,2023-03-30T08:27:00Z,Localised Fault,11,3,LV,4,5,2023-03-30T08:30:39Z,2023-03-30T13:45:29Z,"The power cut affecting your property has been caused by an unexpected problem with the cables or equipment that serve your area. If you need to report an emergency, please call 105",Our team are working hard to restore your power as quickly as possible,WF1  2TE,Yorkshire,53.6824,-1.50289,1,1725357,,0,False,,,False,False,0
4,INCD-28701-B,B0000701dINCD,13,Safety Interruption,0d 3:32,2023-03-30T13:00:00Z,2023-03-30T08:17:00Z,Localised Fault,0,3,LV,3,6,2023-03-30T08:20:31Z,2023-03-30T11:55:13Z,We've had to switch off the power for safety purposes whilst our engineers work on the cables and equipment that serves your area. We appreciate your patience and understanding,Our engineers are currently travelling to the area,WF16 9EG,Yorkshire,53.7107,-1.6712,0,1725312,,0,False,,,False,False,0
5,INCD-28701-B,B0000701dINCD,13,Safety Interruption,0d 3:32,2023-03-30T13:00:00Z,2023-03-30T08:17:00Z,Localised Fault,0,3,LV,3,6,2023-03-30T08:20:31Z,2023-03-30T11:55:13Z,We've had to switch off the power for safety purposes whilst our engineers work on the cables and equipment that serves your area. We appreciate your patience and understanding,Our engineers are currently travelling to the area,WF16 9EH,Yorkshire,53.7116,-1.67113,0,1725312,,0,False,,,False,False,0
6,INCD-28701-B,B0000701dINCD,13,Safety Interruption,0d 3:32,2023-03-30T13:00:00Z,2023-03-30T08:17:00Z,Localised Fault,0,3,LV,3,6,2023-03-30T08:20:31Z,2023-03-30T11:55:13Z,We've had to switch off the power for safety purposes whilst our engineers work on the cables and equipment that serves your area. We appreciate your patience and understanding,Our engineers are currently travelling to the area,WF16 9EJ,Yorkshire,53.7118,-1.66966,0,1725312,,0,False,,,False,False,0
7,INCD-28701-B,B0000701dINCD,13,Safety Interruption,0d 3:32,2023-03-30T13:00:00Z,2023-03-30T08:17:00Z,Localised Fault,0,3,LV,3,6,2023-03-30T08:20:31Z,2023-03-30T11:55:13Z,We've had to switch off the power for safety purposes whilst our engineers work on the cables and equipment that serves your area. We appreciate your patience and understanding,Our engineers are currently travelling to the area,WF16 9ED,Yorkshire,53.71,-1.67098,0,1725312,,0,False,,,False,False,0
8,INCD-28701-B,B0000701dINCD,13,Safety Interruption,0d 3:32,2023-03-30T13:00:00Z,2023-03-30T08:17:00Z,Localised Fault,0,3,LV,3,6,2023-03-30T08:20:31Z,2023-03-30T11:55:13Z,We've had to switch off the power for safety purposes whilst our engineers work on the cables and equipment that serves your area. We appreciate your patience and understanding,Our engineers are currently travelling to the area,WF16 9EY,Yorkshire,53.7126,-1.67253,0,1725312,,0,False,,,False,False,0
9,INCD-28701-B,B0000701dINCD,13,Safety Interruption,0d 3:32,2023-03-30T13:00:00Z,2023-03-30T08:17:00Z,Localised Fault,0,3,LV,3,6,2023-03-30T08:20:31Z,2023-03-30T11:55:13Z,We've had to switch off the power for safety purposes whilst our engineers work on the cables and equipment that serves your area. We appreciate your patience and understanding,Our engineers are currently travelling to the area,WF16 9EN,Yorkshire,53.7114,-1.67157,0,1725312,,0,False,,,False,False,0
10,INCD-28701-B,B0000701dINCD,13,Safety Interruption,0d 3:32,2023-03-30T13:00:00Z,2023-03-30T08:17:00Z,Localised Fault,0,3,LV,3,6,2023-03-30T08:20:31Z,2023-03-30T11:55:13Z,We've had to switch off the power for safety purposes whilst our engineers work on the cables and equipment that serves your area. We appreciate your patience and understanding,Our engineers are currently travelling to the area,WF16 9ES,Yorkshire,53.711,-1.67221,0,1725312,,0,False,,,False,False,0
11,INCD-28701-B,B0000701dINCD,13,Safety Interruption,0d 3:32,2023-03-30T13:00:00Z,2023-03-30T08:17:00Z,Localised Fault,0,3,LV,3,6,2023-03-30T08:20:31Z,2023-03-30T11:55:13Z,We've had to switch off the power for safety purposes whilst our engineers work on the cables and equipment that serves your area. We appreciate your patience and understanding,Our engineers are currently travelling to the area,WF16 9EF,Yorkshire,53.71,-1.67057,0,1725312,,0,False,,,False,False,0
12,INCD-28701-B,B0000701dINCD,13,Safety Interruption,0d 3:32,2023-03-30T13:00:00Z,2023-03-30T08:17:00Z,Localised Fault,0,3,LV,3,6,2023-03-30T08:20:31Z,2023-03-30T11:55:13Z,We've had to switch off the power for safety purposes whilst our engineers work on the cables and equipment that serves your area. We appreciate your patience and understanding,Our engineers are currently travelling to the area,WF16 9EQ,Yorkshire,53.7113,-1.67142,0,1725312,,0,False,,,False,False,0
13,INCD-384505-A,A0005ddf9INCD,30,U/G LV Mains Repair (Other),0d 10:25,2023-03-30T13:15:00Z,2023-03-30T02:34:00Z,Localised Fault,0,3,LV,7,6,2023-03-30T02:50:56Z,2023-03-30T13:05:03Z,"The power cut affecting your property has been caused by an unexpected problem with the cables or equipment that serve your area. If you need to report an emergency, please call 105",We have restored power to some of the customers affected and continue to work to restore supply to the remaining customers,SR8  2AT,North East,54.7652,-1.34358,0,1723838,,0,False,,,False,False,0
14,INCD-384505-A,A0005ddf9INCD,30,U/G LV Mains Repair (Other),0d 10:25,2023-03-30T13:15:00Z,2023-03-30T02:34:00Z,Localised Fault,0,3,LV,7,6,2023-03-30T02:50:56Z,2023-03-30T13:05:03Z,"The power cut affecting your property has been caused by an unexpected problem with the cables or equipment that serve your area. If you need to report an emergency, please call 105",We have restored power to some of the customers affected and continue to work to restore supply to the remaining customers,SR8  2AX,North East,54.7655,-1.34581,0,1723838,,0,False,,,False,False,0
15,INCD-384505-A,A0005ddf9INCD,30,U/G LV Mains Repair (Other),0d 10:25,2023-03-30T13:15:00Z,2023-03-30T02:34:00Z,Localised Fault,0,3,LV,7,6,2023-03-30T02:50:56Z,2023-03-30T13:05:03Z,"The power cut affecting your property has been caused by an unexpected problem with the cables or equipment that serve your area. If you need to report an emergency, please call 105",We have restored power to some of the customers affected and continue to work to restore supply to the remaining customers,SR8  2BE,North East,54.7654,-1.34437,0,1723838,,0,False,,,False,False,0
16,INCD-384505-A,A0005ddf9INCD,30,U/G LV Mains Repair (Other),0d 10:25,2023-03-30T13:15:00Z,2023-03-30T02:34:00Z,Localised Fault,0,3,LV,7,6,2023-03-30T02:50:56Z,2023-03-30T13:05:03Z,"The power cut affecting your property has been caused by an unexpected problem with the cables or equipment that serve your area. If you need to report an emergency, please call 105",We have restored power to some of the customers affected and continue to work to restore supply to the remaining customers,SR8  2AS,North East,54.7644,-1.34297,0,1723838,,0,False,,,False,False,0
17,INCD-384505-A,A0005ddf9INCD,30,U/G LV Mains Repair (Other),0d 10:25,2023-03-30T13:15:00Z,2023-03-30T02:34:00Z,Localised Fault,0,3,LV,7,6,2023-03-30T02:50:56Z,2023-03-30T13:05:03Z,"The power cut affecting your property has been caused by an unexpected problem with the cables or equipment that serve your area. If you need to report an emergency, please call 105",We have restored power to some of the customers affected and continue to work to restore supply to the remaining customers,SR8  2DY,North East,54.7664,-1.34352,0,1723838,,0,False,,,False,False,0
18,INCD-384505-A,A0005ddf9INCD,30,U/G LV Mains Repair (Other),0d 10:25,2023-03-30T13:15:00Z,2023-03-30T02:34:00Z,Localised Fault,0,3,LV,7,6,2023-03-30T02:50:56Z,2023-03-30T13:05:03Z,"The power cut affecting your property has been caused by an unexpected problem with the cables or equipment that serve your area. If you need to report an emergency, please call 105",We have restored power to some of the customers affected and continue to work to restore supply to the remaining customers,SR8  2AU,North East,54.7663,-1.34429,0,1723838,,0,False,,,False,False,0
19,INCD-384505-A,A0005ddf9INCD,30,U/G LV Mains Repair (Other),0d 10:25,2023-03-30T13:15:00Z,2023-03-30T02:34:00Z,Localised Fault,0,3,LV,7,6,2023-03-30T02:50:56Z,2023-03-30T13:05:03Z,"The power cut affecting your property has been caused by an unexpected problem with the cables or equipment that serve your area. If you need to report an emergency, please call 105",We have restored power to some of the customers affected and continue to work to restore supply to the remaining customers,SR8  2AY,North East,54.7641,-1.34635,0,1723838,,0,False,,,False,False,0
20,INCD-384496-A,A0005ddf0INCD,33,U/G LV Mains Repair (Other),0d 11:35,2023-03-30T12:00:00Z,2023-03-30T01:00:00Z,Localised Fault,0,3,LV,7,6,2023-03-30T01:20:28Z,2023-03-30T12:40:15Z,"The power cut affecting your property has been caused by an unexpected problem with the cables or equipment that serve your area. If you need to report an emergency, please call 105",We have restored power to some of the customers affected and continue to work to restore supply to the remaining customers,HU9  1HL,Yorkshire,53.7493,-0.31795,0,1723432,,0,False,,,False,False,0
21,INCD-384496-A,A0005ddf0INCD,33,U/G LV Mains Repair (Other),0d 11:35,2023-03-30T12:00:00Z,2023-03-30T01:00:00Z,Localised Fault,0,3,LV,7,6,2023-03-30T01:20:28Z,2023-03-30T12:40:15Z,"The power cut affecting your property has been caused by an unexpected problem with the cables or equipment that serve your area. If you need to report an emergency, please call 105",We have restored power to some of the customers affected and continue to work to restore supply to the remaining customers,HU9  1ER,Yorkshire,53.749,-0.320177,0,1723432,,0,False,,,False,False,0
22,INCD-384496-A,A0005ddf0INCD,33,U/G LV Mains Repair (Other),0d 11:35,2023-03-30T12:00:00Z,2023-03-30T01:00:00Z,Localised Fault,0,3,LV,7,6,2023-03-30T01:20:28Z,2023-03-30T12:40:15Z,"The power cut affecting your property has been caused by an unexpected problem with the cables or equipment that serve your area. If you need to report an emergency, please call 105",We have restored power to some of the customers affected and continue to work to restore supply to the remaining customers,HU9  1JQ,Yorkshire,53.7499,-0.317624,0,1723432,,0,False,,,False,False,0
23,INCD-384496-A,A0005ddf0INCD,33,U/G LV Mains Repair (Other),0d 11:35,2023-03-30T12:00:00Z,2023-03-30T01:00:00Z,Localised Fault,0,3,LV,7,6,2023-03-30T01:20:28Z,2023-03-30T12:40:15Z,"The power cut affecting your property has been caused by an unexpected problem with the cables or equipment that serve your area. If you need to report an emergency, please call 105",We have restored power to some of the customers affected and continue to work to restore supply to the remaining customers,HU9  1TL,Yorkshire,53.7412,-0.324143,0,1723432,,0,False,,,False,False,0
24,INCD-384496-A,A0005ddf0INCD,33,U/G LV Mains Repair (Other),0d 11:35,2023-03-30T12:00:00Z,2023-03-30T01:00:00Z,Localised Fault,0,3,LV,7,6,2023-03-30T01:20:28Z,2023-03-30T12:40:15Z,"The power cut affecting your property has been caused by an unexpected problem with the cables or equipment that serve your area. If you need to report an emergency, please call 105",We have restored power to some of the customers affected and continue to work to restore supply to the remaining customers,HU9  1ED,Yorkshire,53.7493,-0.320196,0,1723432,,0,False,,,False,False,0
25,INCD-384496-A,A0005ddf0INCD,33,U/G LV Mains Repair (Other),0d 11:35,2023-03-30T12:00:00Z,2023-03-30T01:00:00Z,Localised Fault,0,3,LV,7,6,2023-03-30T01:20:28Z,2023-03-30T12:40:15Z,"The power cut affecting your property has been caused by an unexpected problem with the cables or equipment that serve your area. If you need to report an emergency, please call 105",We have restored power to some of the customers affected and continue to work to restore supply to the remaining customers,HU9  1EP,Yorkshire,53.7484,-0.318852,0,1723432,,0,False,,,False,False,0
26,INCD-384496-A,A0005ddf0INCD,33,U/G LV Mains Repair (Other),0d 11:35,2023-03-30T12:00:00Z,2023-03-30T01:00:00Z,Localised Fault,0,3,LV,7,6,2023-03-30T01:20:28Z,2023-03-30T12:40:15Z,"The power cut affecting your property has been caused by an unexpected problem with the cables or equipment that serve your area. If you need to report an emergency, please call 105",We have restored power to some of the customers affected and continue to work to restore supply to the remaining customers,HU9  1EA,Yorkshire,53.7506,-0.318248,0,1723432,,0,False,,,False,False,0
27,INCD-384496-A,A0005ddf0INCD,33,U/G LV Mains Repair (Other),0d 11:35,2023-03-30T12:00:00Z,2023-03-30T01:00:00Z,Localised Fault,0,3,LV,7,6,2023-03-30T01:20:28Z,2023-03-30T12:40:15Z,"The power cut affecting your property has been caused by an unexpected problem with the cables or equipment that serve your area. If you need to report an emergency, please call 105",We have restored power to some of the customers affected and continue to work to restore supply to the remaining customers,HU9  1EQ,Yorkshire,53.7494,-0.319298,0,1723432,,0,False,,,False,False,0
28,INCD-384496-A,A0005ddf0INCD,33,U/G LV Mains Repair (Other),0d 11:35,2023-03-30T12:00:00Z,2023-03-30T01:00:00Z,Localised Fault,0,3,LV,7,6,2023-03-30T01:20:28Z,2023-03-30T12:40:15Z,"The power cut affecting your property has been caused by an unexpected problem with the cables or equipment that serve your area. If you need to report an emergency, please call 105",We have restored power to some of the customers affected and continue to work to restore supply to the remaining customers,HU9  1JB,Yorkshire,53.7503,-0.3177,0,1723432,,0,False,,,False,False,0
29,INCD-384496-A,A0005ddf0INCD,33,U/G LV Mains Repair (Other),0d 11:35,2023-03-30T12:00:00Z,2023-03-30T01:00:00Z,Localised Fault,0,3,LV,7,6,2023-03-30T01:20:28Z,2023-03-30T12:40:15Z,"The power cut affecting your property has been caused by an unexpected problem with the cables or equipment that serve your area. If you need to report an emergency, please call 105",We have restored power to some of the customers affected and continue to work to restore supply to the remaining customers,HU9  1EF,Yorkshire,53.749,-0.320755,0,1723432,,0,False,,,False,False,0
30,INCD-384491-A,A0005ddebINCD,25,Safety Interruption,0d 14:15,2023-03-30T14:40:00Z,2023-03-29T23:29:00Z,Localised Fault,24,2,LV,5,5,2023-03-29T23:50:38Z,2023-03-30T13:45:31Z,We've had to switch off the power for safety purposes whilst our engineers work on the cables and equipment that serves your area. We appreciate your patience and understanding,Our team are working hard to restore your power as quickly as possible,WF10 3QA,Yorkshire,53.714,-1.31464,1,1723035,,0,False,,,False,False,0
31,INCD-366575-A,A000597efINCD,0,O/H HV Mains Repair,58d 2:33,1900-01-01T00:00:00,2023-01-31T10:11:00Z,Large Area Fault,176,1,HV_N,4,5,2023-01-31T10:16:21Z,2023-03-30T13:45:42Z,"The power cut affecting your property has been caused by an unexpected problem with the cables or equipment that serve your area. If you need to report an emergency, please call 105",Our team are working hard to restore your power as quickly as possible,DN9  2LY,Yorkshire,53.4785,-0.830791,1,1477800,,0,False,,,False,False,0
32,INCD-366575-A,A000597efINCD,0,O/H HV Mains Repair,58d 2:33,1900-01-01T00:00:00,2023-01-31T10:11:00Z,Large Area Fault,176,1,HV_N,4,5,2023-01-31T10:16:21Z,2023-03-30T13:45:42Z,"The power cut affecting your property has been caused by an unexpected problem with the cables or equipment that serve your area. If you need to report an emergency, please call 105",Our team are working hard to restore your power as quickly as possible,DN9  2NA,Yorkshire,53.4807,-0.831829,1,1477800,,0,False,,,False,False,0
33,INCD-366575-A,A000597efINCD,0,O/H HV Mains Repair,58d 2:33,1900-01-01T00:00:00,2023-01-31T10:11:00Z,Large Area Fault,176,1,HV_N,4,5,2023-01-31T10:16:21Z,2023-03-30T13:45:42Z,"The power cut affecting your property has been caused by an unexpected problem with the cables or equipment that serve your area. If you need to report an emergency, please call 105",Our team are working hard to restore your power as quickly as possible,DN9  2WU,Yorkshire,53.4896,-0.839997,1,1477800,,0,False,,,False,False,0
34,INCD-366575-A,A000597efINCD,0,O/H HV Mains Repair,58d 2:33,1900-01-01T00:00:00,2023-01-31T10:11:00Z,Large Area Fault,176,1,HV_N,4,5,2023-01-31T10:16:21Z,2023-03-30T13:45:42Z,"The power cut affecting your property has been caused by an unexpected problem with the cables or equipment that serve your area. If you need to report an emergency, please call 105",Our team are working hard to restore your power as quickly as possible,DN9  2NJ,Yorkshire,53.4773,-0.839397,1,1477800,,0,False,,,False,False,0
35,INCD-366575-A,A000597efINCD,0,O/H HV Mains Repair,58d 2:33,1900-01-01T00:00:00,2023-01-31T10:11:00Z,Large Area Fault,176,1,HV_N,4,5,2023-01-31T10:16:21Z,2023-03-30T13:45:42Z,"The power cut affecting your property has been caused by an unexpected problem with the cables or equipment that serve your area. If you need to report an emergency, please call 105",Our team are working hard to restore your power as quickly as possible,DN9  2NH,Yorkshire,53.4742,-0.839709,1,1477800,,0,False,,,False,False,0
36,INCD-366575-A,A000597efINCD,0,O/H HV Mains Repair,58d 2:33,1900-01-01T00:00:00,2023-01-31T10:11:00Z,Large Area Fault,176,1,HV_N,4,5,2023-01-31T10:16:21Z,2023-03-30T13:45:42Z,"The power cut affecting your property has been caused by an unexpected problem with the cables or equipment that serve your area. If you need to report an emergency, please call 105",Our team are working hard to restore your power as quickly as possible,DN9  2NR,Yorkshire,53.4643,-0.857016,1,1477800,,0,False,,,False,False,0
37,INCD-366575-A,A000597efINCD,0,O/H HV Mains Repair,58d 2:33,1900-01-01T00:00:00,2023-01-31T10:11:00Z,Large Area Fault,176,1,HV_N,4,5,2023-01-31T10:16:21Z,2023-03-30T13:45:42Z,"The power cut affecting your property has been caused by an unexpected problem with the cables or equipment that serve your area. If you need to report an emergency, please call 105",Our team are working hard to restore your power as quickly as possible,DN9  2NG,Yorkshire,53.4799,-0.839162,1,1477800,,0,False,,,False,False,0
38,INCD-366575-A,A000597efINCD,0,O/H HV Mains Repair,58d 2:33,1900-01-01T00:00:00,2023-01-31T10:11:00Z,Large Area Fault,176,1,HV_N,4,5,2023-01-31T10:16:21Z,2023-03-30T13:45:42Z,"The power cut affecting your property has been caused by an unexpected problem with the cables or equipment that serve your area. If you need to report an emergency, please call 105",Our team are working hard to restore your power as quickly as possible,DN9  2ND,Yorkshire,53.484,-0.835614,1,1477800,,0,False,,,False,False,0
39,INCD-384491-A,A0005ddebINCD,25,Safety Interruption,0d 14:15,2023-03-30T14:40:00Z,2023-03-29T23:29:00Z,Localised Fault,24,2,LV,5,5,2023-03-29T23:50:38Z,2023-03-30T13:45:31Z,We've had to switch off the power for safety purposes whilst our engineers work on the cables and equipment that serves your area. We appreciate your patience and understanding,Our team are working hard to restore your power as quickly as possible,WF10 3HX,Yorkshire,53.7166,-1.31782,1,1723035,,0,False,,,False,False,0
40,INCD-384491-A,A0005ddebINCD,25,Safety Interruption,0d 14:15,2023-03-30T14:40:00Z,2023-03-29T23:29:00Z,Localised Fault,24,2,LV,5,5,2023-03-29T23:50:38Z,2023-03-30T13:45:31Z,We've had to switch off the power for safety purposes whilst our engineers work on the cables and equipment that serves your area. We appreciate your patience and understanding,Our team are working hard to restore your power as quickly as possible,WF10 3UD,Yorkshire,53.7205,-1.33319,1,1723035,,0,False,,,False,False,0
41,INCD-384491-A,A0005ddebINCD,25,Safety Interruption,0d 14:15,2023-03-30T14:40:00Z,2023-03-29T23:29:00Z,Localised Fault,24,2,LV,5,5,2023-03-29T23:50:38Z,2023-03-30T13:45:31Z,We've had to switch off the power for safety purposes whilst our engineers work on the cables and equipment that serves your area. We appreciate your patience and understanding,Our team are working hard to restore your power as quickly as possible,WF10 3UE,Yorkshire,53.7156,-1.3149,1,1723035,,0,False,,,False,False,0
42,INCD-384491-A,A0005ddebINCD,25,Safety Interruption,0d 14:15,2023-03-30T14:40:00Z,2023-03-29T23:29:00Z,Localised Fault,24,2,LV,5,5,2023-03-29T23:50:38Z,2023-03-30T13:45:31Z,We've had to switch off the power for safety purposes whilst our engineers work on the cables and equipment that serves your area. We appreciate your patience and understanding,Our team are working hard to restore your power as quickly as possible,WF10 3PZ,Yorkshire,53.7159,-1.31628,1,1723035,,0,False,,,False,False,0
43,INCD-28663-B,B00006ff7INCD,2,U/G Service repair,0d 23:33,2023-03-30T13:30:00Z,2023-03-29T13:51:00Z,Localised Fault,0,2,LV,4,6,2023-03-29T13:56:42Z,2023-03-30T13:30:20Z,"The power cut affecting your property has been caused by an unexpected problem with the cables or equipment that serve your area. If you need to report an emergency, please call 105",Our team are working hard to restore your power as quickly as possible,HU6  7BW,Yorkshire,53.7868,-0.358166,0,1720915,,0,False,,,False,False,0
44,INCD-28663-B,B00006ff7INCD,2,U/G Service repair,0d 23:33,2023-03-30T13:30:00Z,2023-03-29T13:51:00Z,Localised Fault,0,2,LV,4,6,2023-03-29T13:56:42Z,2023-03-30T13:30:20Z,"The power cut affecting your property has been caused by an unexpected problem with the cables or equipment that serve your area. If you need to report an emergency, please call 105",Our team are working hard to restore your power as quickly as possible,HU6  7EE,Yorkshire,53.7863,-0.360508,0,1720915,,0,False,,,False,False,0
45,INCD-88651-C,C00015a4bINCD,0,U/G LV Mains Repair (Other),7d 1:34,1900-01-01T00:00:00,2023-03-23T11:11:00Z,Localised Fault,94,3,LV,5,5,2023-03-23T11:15:48Z,2023-03-30T13:45:41Z,"The power cut affecting your property has been caused by an unexpected problem with the cables or equipment that serve your area. If you need to report an emergency, please call 105",Our team are working hard to restore your power as quickly as possible,YO31 0UR,North East,53.9616,-1.06308,1,1697066,,0,False,,,False,False,0
46,INCD-88651-C,C00015a4bINCD,0,U/G LV Mains Repair (Other),7d 1:34,1900-01-01T00:00:00,2023-03-23T11:11:00Z,Localised Fault,94,3,LV,5,5,2023-03-23T11:15:48Z,2023-03-30T13:45:41Z,"The power cut affecting your property has been caused by an unexpected problem with the cables or equipment that serve your area. If you need to report an emergency, please call 105",Our team are working hard to restore your power as quickly as possible,YO31 0UW,North East,53.9606,-1.06336,1,1697066,,0,False,,,False,False,0
47,INCD-88651-C,C00015a4bINCD,0,U/G LV Mains Repair (Other),7d 1:34,1900-01-01T00:00:00,2023-03-23T11:11:00Z,Localised Fault,94,3,LV,5,5,2023-03-23T11:15:48Z,2023-03-30T13:45:41Z,"The power cut affecting your property has been caused by an unexpected problem with the cables or equipment that serve your area. If you need to report an emergency, please call 105",Our team are working hard to restore your power as quickly as possible,YO31 0UN,North East,53.9609,-1.06221,1,1697066,,0,False,,,False,False,0
48,INCD-88651-C,C00015a4bINCD,0,U/G LV Mains Repair (Other),7d 1:34,1900-01-01T00:00:00,2023-03-23T11:11:00Z,Localised Fault,94,3,LV,5,5,2023-03-23T11:15:48Z,2023-03-30T13:45:41Z,"The power cut affecting your property has been caused by an unexpected problem with the cables or equipment that serve your area. If you need to report an emergency, please call 105",Our team are working hard to restore your power as quickly as possible,YO31 0UP,North East,53.9613,-1.06508,1,1697066,,0,False,,,False,False,0
49,INCD-88651-C,C00015a4bINCD,0,U/G LV Mains Repair (Other),7d 1:34,1900-01-01T00:00:00,2023-03-23T11:11:00Z,Localised Fault,94,3,LV,5,5,2023-03-23T11:15:48Z,2023-03-30T13:45:41Z,"The power cut affecting your property has been caused by an unexpected problem with the cables or equipment that serve your area. If you need to report an emergency, please call 105",Our team are working hard to restore your power as quickly as possible,YO31 0US,North East,53.9616,-1.06366,1,1697066,,0,False,,,False,False,0
50,INCD-366575-A,A000597efINCD,0,O/H HV Mains Repair,58d 2:33,1900-01-01T00:00:00,2023-01-31T10:11:00Z,Large Area Fault,176,1,HV_N,4,5,2023-01-31T10:16:21Z,2023-03-30T13:45:42Z,"The power cut affecting your property has been caused by an unexpected problem with the cables or equipment that serve your area. If you need to report an emergency, please call 105",Our team are working hard to restore your power as quickly as possible,DN9  2NF,Yorkshire,53.4801,-0.841897,1,1477800,,0,False,,,False,False,0
51,INCD-366575-A,A000597efINCD,0,O/H HV Mains Repair,58d 2:33,1900-01-01T00:00:00,2023-01-31T10:11:00Z,Large Area Fault,176,1,HV_N,4,5,2023-01-31T10:16:21Z,2023-03-30T13:45:42Z,"The power cut affecting your property has been caused by an unexpected problem with the cables or equipment that serve your area. If you need to report an emergency, please call 105",Our team are working hard to restore your power as quickly as possible,DN9  2LA,Yorkshire,53.4886,-0.835862,1,1477800,,0,False,,,False,False,0
52,INCD-366575-A,A000597efINCD,0,O/H HV Mains Repair,58d 2:33,1900-01-01T00:00:00,2023-01-31T10:11:00Z,Large Area Fault,176,1,HV_N,4,5,2023-01-31T10:16:21Z,2023-03-30T13:45:42Z,"The power cut affecting your property has been caused by an unexpected problem with the cables or equipment that serve your area. If you need to report an emergency, please call 105",Our team are working hard to restore your power as quickly as possible,DN9  2NQ,Yorkshire,53.4743,-0.838831,1,1477800,,0,False,,,False,False,0
53,INCD-366575-A,A000597efINCD,0,O/H HV Mains Repair,58d 2:33,1900-01-01T00:00:00,2023-01-31T10:11:00Z,Large Area Fault,176,1,HV_N,4,5,2023-01-31T10:16:21Z,2023-03-30T13:45:42Z,"The power cut affecting your property has been caused by an unexpected problem with the cables or equipment that serve your area. If you need to report an emergency, please call 105",Our team are working hard to restore your power as quickly as possible,DN9  2NB,Yorkshire,53.4788,-0.834157,1,1477800,,0,False,,,False,False,0
54,INCD-366575-A,A000597efINCD,0,O/H HV Mains Repair,58d 2:33,1900-01-01T00:00:00,2023-01-31T10:11:00Z,Large Area Fault,176,1,HV_N,4,5,2023-01-31T10:16:21Z,2023-03-30T13:45:42Z,"The power cut affecting your property has been caused by an unexpected problem with the cables or equipment that serve your area. If you need to report an emergency, please call 105",Our team are working hard to restore your power as quickly as possible,DN9  2NE,Yorkshire,53.4854,-0.835905,1,1477800,,0,False,,,False,False,0
55,PPC050002,,17,8,0d 4:15,2023-03-30T11:30:00Z,2023-03-30T09:30:00Z,Planned Work on System,0,8,HV_N,0,6,2023-03-30T13:45:25Z,2023-03-30T13:45:25Z,We need to temporarily turn the power off to undertake vegetation management in the area.,The scheduled work has now been completed,S36  4HJ,Yorkshire,53.5234,-1.70971,0,1726828,,0,False,,,False,False,0
56,PPC050002,,17,8,0d 4:15,2023-03-30T11:30:00Z,2023-03-30T09:30:00Z,Planned Work on System,0,8,HV_N,0,6,2023-03-30T13:45:25Z,2023-03-30T13:45:25Z,We need to temporarily turn the power off to undertake vegetation management in the area.,The scheduled work has now been completed,S36  9NN,Yorkshire,53.5275,-1.69282,0,1726828,,0,False,,,False,False,0
57,PPC049968,,14,1,0d 4:15,2023-03-30T14:00:00Z,2023-03-30T09:30:00Z,Planned Work on System,0,8,LV,0,5,2023-03-30T13:45:24Z,2023-03-30T13:45:24Z,We need to temporarily turn the power off to carry out a permanent repair in the area.,In Progress,OL14 5HW,Yorkshire,53.718,-2.09684,1,1726827,,0,False,,,False,False,0
58,PPC049968,,14,1,0d 4:15,2023-03-30T14:00:00Z,2023-03-30T09:30:00Z,Planned Work on System,0,8,LV,0,5,2023-03-30T13:45:24Z,2023-03-30T13:45:24Z,We need to temporarily turn the power off to carry out a permanent repair in the area.,In Progress,OL14 5LP,Yorkshire,53.7181,-2.09847,1,1726827,,0,False,,,False,False,0
59,PPC049968,,14,1,0d 4:15,2023-03-30T14:00:00Z,2023-03-30T09:30:00Z,Planned Work on System,0,8,LV,0,5,2023-03-30T13:45:24Z,2023-03-30T13:45:24Z,We need to temporarily turn the power off to carry out a permanent repair in the area.,In Progress,OL14 5HT,Yorkshire,53.7177,-2.09817,1,1726827,,0,False,,,False,False,0
60,PPC049968,,14,1,0d 4:15,2023-03-30T14:00:00Z,2023-03-30T09:30:00Z,Planned Work on System,0,8,LV,0,5,2023-03-30T13:45:24Z,2023-03-30T13:45:24Z,We need to temporarily turn the power off to carry out a permanent repair in the area.,In Progress,OL14 5HS,Yorkshire,53.7176,-2.09781,1,1726827,,0,False,,,False,False,0
61,PPC049968,,14,1,0d 4:15,2023-03-30T14:00:00Z,2023-03-30T09:30:00Z,Planned Work on System,0,8,LV,0,5,2023-03-30T13:45:24Z,2023-03-30T13:45:24Z,We need to temporarily turn the power off to carry out a permanent repair in the area.,In Progress,OL14 5LE,Yorkshire,53.7173,-2.0982,1,1726827,,0,False,,,False,False,0
62,PPC049963,,7,1,0d 4:15,2023-03-30T14:40:00Z,2023-03-30T09:30:00Z,Planned Work on System,0,8,LV,0,5,2023-03-30T13:45:24Z,2023-03-30T13:45:24Z,We need to temporarily turn the power off to carry out a permanent repair in the area.,In Progress,LS24 9QD,Yorkshire,53.8268,-1.27546,1,1726826,,0,False,,,False,False,0
63,PPC049963,,7,1,0d 4:15,2023-03-30T14:40:00Z,2023-03-30T09:30:00Z,Planned Work on System,0,8,LV,0,5,2023-03-30T13:45:24Z,2023-03-30T13:45:24Z,We need to temporarily turn the power off to carry out a permanent repair in the area.,In Progress,LS24 9QE,Yorkshire,53.8275,-1.27532,1,1726826,,0,False,,,False,False,0
64,PPC049963,,7,1,0d 4:15,2023-03-30T14:40:00Z,2023-03-30T09:30:00Z,Planned Work on System,0,8,LV,0,5,2023-03-30T13:45:24Z,2023-03-30T13:45:24Z,We need to temporarily turn the power off to carry out a permanent repair in the area.,In Progress,LS24 9QL,Yorkshire,53.8296,-1.28785,1,1726826,,0,False,,,False,False,0
65,PPC049954,,33,1,0d 1:15,2023-03-30T16:00:00Z,2023-03-30T12:30:00Z,Planned Work on System,0,8,HV_N,0,5,2023-03-30T13:45:23Z,2023-03-30T13:45:23Z,We need to temporarily turn the power off to carry out a permanent repair in the area.,In Progress,S25  4JJ,Yorkshire,53.3665,-1.23628,1,1726825,,0,False,,,False,False,0
66,PPC049954,,33,1,0d 1:15,2023-03-30T16:00:00Z,2023-03-30T12:30:00Z,Planned Work on System,0,8,HV_N,0,5,2023-03-30T13:45:23Z,2023-03-30T13:45:23Z,We need to temporarily turn the power off to carry out a permanent repair in the area.,In Progress,S11  7TZ,Yorkshire,53.3153,-1.60475,1,1726825,,0,False,,,False,False,0
67,PPC049954,,33,1,0d 1:15,2023-03-30T16:00:00Z,2023-03-30T12:30:00Z,Planned Work on System,0,8,HV_N,0,5,2023-03-30T13:45:23Z,2023-03-30T13:45:23Z,We need to temporarily turn the power off to carry out a permanent repair in the area.,In Progress,S11  7TY,Yorkshire,53.3186,-1.60152,1,1726825,,0,False,,,False,False,0
68,PPC049954,,33,1,0d 1:15,2023-03-30T16:00:00Z,2023-03-30T12:30:00Z,Planned Work on System,0,8,HV_N,0,5,2023-03-30T13:45:23Z,2023-03-30T13:45:23Z,We need to temporarily turn the power off to carry out a permanent repair in the area.,In Progress,S17  3AG,Yorkshire,53.3273,-1.5542,1,1726825,,0,False,,,False,False,0
69,PPC049948,,30,8,0d 3:15,2023-03-30T11:30:00Z,2023-03-30T10:30:00Z,Planned Work on System,0,8,HV_N,0,6,2023-03-30T13:45:23Z,2023-03-30T13:45:23Z,We need to temporarily turn the power off to undertake vegetation management in the area.,The scheduled work has now been completed,YO62 4LP,North East,54.1782,-1.00075,0,1726824,,0,False,,,False,False,0
70,PPC049948,,30,8,0d 3:15,2023-03-30T11:30:00Z,2023-03-30T10:30:00Z,Planned Work on System,0,8,HV_N,0,6,2023-03-30T13:45:23Z,2023-03-30T13:45:23Z,We need to temporarily turn the power off to undertake vegetation management in the area.,The scheduled work has now been completed,YO62 4LJ,North East,54.1917,-0.994477,0,1726824,,0,False,,,False,False,0
71,PPC049884,,11,7,0d 4:45,2023-03-30T16:00:00Z,2023-03-30T09:00:00Z,Planned Work on System,0,8,LV,0,5,2023-03-30T13:45:22Z,2023-03-30T13:45:22Z,We need to temporarily turn the power off to carry out replacement of poles that support our overhead power lines in the area.,In Progress,LN8  3SZ,Yorkshire,53.4187,-0.376592,1,1726823,,0,False,,,False,False,0
72,PPC049884,,11,7,0d 4:45,2023-03-30T16:00:00Z,2023-03-30T09:00:00Z,Planned Work on System,0,8,LV,0,5,2023-03-30T13:45:22Z,2023-03-30T13:45:22Z,We need to temporarily turn the power off to carry out replacement of poles that support our overhead power lines in the area.,In Progress,LN8  3TE,Yorkshire,53.4147,-0.366978,1,1726823,,0,False,,,False,False,0
73,PPC049784,,1,11,0d 3:15,2023-03-30T14:30:00Z,2023-03-30T10:30:00Z,Planned Work on System,0,8,LV,0,5,2023-03-30T13:45:21Z,2023-03-30T13:45:21Z,We need to temporarily turn the power off to carry out maintenance on our network in the area.,In Progress,YO1  8SQ,North East,53.959,-1.08214,1,1726822,,0,False,,,False,False,0
74,PPC049784,,1,11,0d 3:15,2023-03-30T14:30:00Z,2023-03-30T10:30:00Z,Planned Work on System,0,8,LV,0,5,2023-03-30T13:45:21Z,2023-03-30T13:45:21Z,We need to temporarily turn the power off to carry out maintenance on our network in the area.,In Progress,YO1  9ND,North East,53.959,-1.0835,1,1726822,,0,False,,,False,False,0
75,PPC049784,,1,11,0d 3:15,2023-03-30T14:30:00Z,2023-03-30T10:30:00Z,Planned Work on System,0,8,LV,0,5,2023-03-30T13:45:21Z,2023-03-30T13:45:21Z,We need to temporarily turn the power off to carry out maintenance on our network in the area.,In Progress,YO1  8SH,North East,53.9589,-1.08252,1,1726822,,0,False,,,False,False,0
76,PPC049768,,7,7,0d 4:15,2023-03-30T16:00:00Z,2023-03-30T09:30:00Z,Planned Work on System,0,8,LV,0,5,2023-03-30T13:45:20Z,2023-03-30T13:45:20Z,We need to temporarily turn the power off to carry out replacement of poles that support our overhead power lines in the area.,In Progress,DN21 4BB,Yorkshire,53.4798,-0.59441,1,1726821,,0,False,,,False,False,0
77,PPC049768,,7,7,0d 4:15,2023-03-30T16:00:00Z,2023-03-30T09:30:00Z,Planned Work on System,0,8,LV,0,5,2023-03-30T13:45:20Z,2023-03-30T13:45:20Z,We need to temporarily turn the power off to carry out replacement of poles that support our overhead power lines in the area.,In Progress,DN21 4JR,Yorkshire,53.4876,-0.596385,1,1726821,,0,False,,,False,False,0
78,PPC049768,,7,7,0d 4:15,2023-03-30T16:00:00Z,2023-03-30T09:30:00Z,Planned Work on System,0,8,LV,0,5,2023-03-30T13:45:20Z,2023-03-30T13:45:20Z,We need to temporarily turn the power off to carry out replacement of poles that support our overhead power lines in the area.,In Progress,DN21 4BH,Yorkshire,53.4813,-0.595539,1,1726821,,0,False,,,False,False,0
79,PPC049768,,7,7,0d 4:15,2023-03-30T16:00:00Z,2023-03-30T09:30:00Z,Planned Work on System,0,8,LV,0,5,2023-03-30T13:45:20Z,2023-03-30T13:45:20Z,We need to temporarily turn the power off to carry out replacement of poles that support our overhead power lines in the area.,In Progress,DN21 4BF,Yorkshire,53.4802,-0.59274,1,1726821,,0,False,,,False,False,0
80,PPC049768,,7,7,0d 4:15,2023-03-30T16:00:00Z,2023-03-30T09:30:00Z,Planned Work on System,0,8,LV,0,5,2023-03-30T13:45:20Z,2023-03-30T13:45:20Z,We need to temporarily turn the power off to carry out replacement of poles that support our overhead power lines in the area.,In Progress,DN21 4BD,Yorkshire,53.4836,-0.595793,1,1726821,,0,False,,,False,False,0
81,PPC049706,,14,7,0d 4:45,2023-03-30T15:00:00Z,2023-03-30T09:00:00Z,Planned Work on System,0,8,HV_N,0,5,2023-03-30T13:45:20Z,2023-03-30T13:45:20Z,We need to temporarily turn the power off to carry out replacement of poles that support our overhead power lines in the area.,In Progress,DL11 6PS,North East,54.3823,-2.03208,1,1726820,,0,False,,,False,False,0
82,PPC049706,,14,7,0d 4:45,2023-03-30T15:00:00Z,2023-03-30T09:00:00Z,Planned Work on System,0,8,HV_N,0,5,2023-03-30T13:45:20Z,2023-03-30T13:45:20Z,We need to temporarily turn the power off to carry out replacement of poles that support our overhead power lines in the area.,In Progress,DL11 6PX,North East,54.3762,-2.04461,1,1726820,,0,False,,,False,False,0
83,PPC049706,,14,7,0d 4:45,2023-03-30T15:00:00Z,2023-03-30T09:00:00Z,Planned Work on System,0,8,HV_N,0,5,2023-03-30T13:45:20Z,2023-03-30T13:45:20Z,We need to temporarily turn the power off to carry out replacement of poles that support our overhead power lines in the area.,In Progress,DL11 6PF,North East,54.3809,-2.02318,1,1726820,,0,False,,,False,False,0
84,PPC049706,,14,7,0d 4:45,2023-03-30T15:00:00Z,2023-03-30T09:00:00Z,Planned Work on System,0,8,HV_N,0,5,2023-03-30T13:45:20Z,2023-03-30T13:45:20Z,We need to temporarily turn the power off to carry out replacement of poles that support our overhead power lines in the area.,In Progress,DL11 6PY,North East,54.3727,-2.04378,1,1726820,,0,False,,,False,False,0
85,PPC049706,,14,7,0d 4:45,2023-03-30T15:00:00Z,2023-03-30T09:00:00Z,Planned Work on System,0,8,HV_N,0,5,2023-03-30T13:45:20Z,2023-03-30T13:45:20Z,We need to temporarily turn the power off to carry out replacement of poles that support our overhead power lines in the area.,In Progress,DL11 6NQ,North East,54.3714,-2.02929,1,1726820,,0,False,,,False,False,0
86,PPC049697,,4,3,0d 4:15,2023-03-30T14:00:00Z,2023-03-30T09:30:00Z,Planned Work on System,0,8,HV_N,0,5,2023-03-30T13:45:19Z,2023-03-30T13:45:19Z,We need to temporarily turn the power off to carry out replacement work on our overhead power lines in the area.,In Progress,YO32 2RJ,North East,53.9914,-1.08823,1,1726819,,0,False,,,False,False,0
87,PPC049691,,5,8,0d 4:45,2023-03-30T16:00:00Z,2023-03-30T09:00:00Z,Planned Work on System,0,8,LV,0,5,2023-03-30T13:45:18Z,2023-03-30T13:45:18Z,We need to temporarily turn the power off to undertake vegetation management in the area.,In Progress,DH2  3RZ,North East,54.8463,-1.61549,1,1726818,,0,False,,,False,False,0
88,PPC049691,,5,8,0d 4:45,2023-03-30T16:00:00Z,2023-03-30T09:00:00Z,Planned Work on System,0,8,LV,0,5,2023-03-30T13:45:18Z,2023-03-30T13:45:18Z,We need to temporarily turn the power off to undertake vegetation management in the area.,In Progress,DH2  3RY,North East,54.8441,-1.6108,1,1726818,,0,False,,,False,False,0
89,PPC049691,,5,8,0d 4:45,2023-03-30T16:00:00Z,2023-03-30T09:00:00Z,Planned Work on System,0,8,LV,0,5,2023-03-30T13:45:18Z,2023-03-30T13:45:18Z,We need to temporarily turn the power off to undertake vegetation management in the area.,In Progress,DH2  3RB,North East,54.8457,-1.61098,1,1726818,,0,False,,,False,False,0
90,PPC049691,,5,8,0d 4:45,2023-03-30T16:00:00Z,2023-03-30T09:00:00Z,Planned Work on System,0,8,LV,0,5,2023-03-30T13:45:18Z,2023-03-30T13:45:18Z,We need to temporarily turn the power off to undertake vegetation management in the area.,In Progress,DH2  3SF,North East,54.8457,-1.60902,1,1726818,,0,False,,,False,False,0
91,PPC049691,,5,8,0d 4:45,2023-03-30T16:00:00Z,2023-03-30T09:00:00Z,Planned Work on System,0,8,LV,0,5,2023-03-30T13:45:18Z,2023-03-30T13:45:18Z,We need to temporarily turn the power off to undertake vegetation management in the area.,In Progress,DH2  3SJ,North East,54.8464,-1.6088,1,1726818,,0,False,,,False,False,0
92,PPC049691,,5,8,0d 4:45,2023-03-30T16:00:00Z,2023-03-30T09:00:00Z,Planned Work on System,0,8,LV,0,5,2023-03-30T13:45:18Z,2023-03-30T13:45:18Z,We need to temporarily turn the power off to undertake vegetation management in the area.,In Progress,DH2  3AB,North East,54.8501,-1.5894,1,1726818,,0,False,,,False,False,0
93,PPC049691,,5,8,0d 4:45,2023-03-30T16:00:00Z,2023-03-30T09:00:00Z,Planned Work on System,0,8,LV,0,5,2023-03-30T13:45:18Z,2023-03-30T13:45:18Z,We need to temporarily turn the power off to undertake vegetation management in the area.,In Progress,DH2  3SD,North East,54.8457,-1.6103,1,1726818,,0,False,,,False,False,0
94,PPC049691,,5,8,0d 4:45,2023-03-30T16:00:00Z,2023-03-30T09:00:00Z,Planned Work on System,0,8,LV,0,5,2023-03-30T13:45:18Z,2023-03-30T13:45:18Z,We need to temporarily turn the power off to undertake vegetation management in the area.,In Progress,DH2  3SE,North East,54.8459,-1.60928,1,1726818,,0,False,,,False,False,0
95,PPC049691,,5,8,0d 4:45,2023-03-30T16:00:00Z,2023-03-30T09:00:00Z,Planned Work on System,0,8,LV,0,5,2023-03-30T13:45:18Z,2023-03-30T13:45:18Z,We need to temporarily turn the power off to undertake vegetation management in the area.,In Progress,DH2  3SB,North East,54.846,-1.61015,1,1726818,,0,False,,,False,False,0
96,PPC049678,,40,8,0d 4:45,2023-03-30T12:00:00Z,2023-03-30T09:00:00Z,Planned Work on System,0,8,LV,0,6,2023-03-30T13:45:18Z,2023-03-30T13:45:18Z,We need to temporarily turn the power off to undertake vegetation management in the area.,The scheduled work has now been completed,YO23 3WA,North East,53.9149,-1.1397,0,1726817,,0,False,,,False,False,0
97,PPC049678,,40,8,0d 4:45,2023-03-30T12:00:00Z,2023-03-30T09:00:00Z,Planned Work on System,0,8,LV,0,6,2023-03-30T13:45:18Z,2023-03-30T13:45:18Z,We need to temporarily turn the power off to undertake vegetation management in the area.,The scheduled work has now been completed,YO23 3SA,North East,53.9148,-1.1404,0,1726817,,0,False,,,False,False,0
98,PPC049678,,40,8,0d 4:45,2023-03-30T12:00:00Z,2023-03-30T09:00:00Z,Planned Work on System,0,8,LV,0,6,2023-03-30T13:45:18Z,2023-03-30T13:45:18Z,We need to temporarily turn the power off to undertake vegetation management in the area.,The scheduled work has now been completed,YO23 3ST,North East,53.9137,-1.14182,0,1726817,,0,False,,,False,False,0
99,PPC049678,,40,8,0d 4:45,2023-03-30T12:00:00Z,2023-03-30T09:00:00Z,Planned Work on System,0,8,LV,0,6,2023-03-30T13:45:18Z,2023-03-30T13:45:18Z,We need to temporarily turn the power off to undertake vegetation management in the area.,The scheduled work has now been completed,YO23 3SU,North East,53.9136,-1.14231,0,1726817,,0,False,,,False,False,0
100,PPC049678,,40,8,0d 4:45,2023-03-30T12:00:00Z,2023-03-30T09:00:00Z,Planned Work on System,0,8,LV,0,6,2023-03-30T13:45:18Z,2023-03-30T13:45:18Z,We need to temporarily turn the power off to undertake vegetation management in the area.,The scheduled work has now been completed,YO23 3SD,North East,53.9159,-1.13963,0,1726817,,0,False,,,False,False,0
101,PPC049678,,40,8,0d 4:45,2023-03-30T12:00:00Z,2023-03-30T09:00:00Z,Planned Work on System,0,8,LV,0,6,2023-03-30T13:45:18Z,2023-03-30T13:45:18Z,We need to temporarily turn the power off to undertake vegetation management in the area.,The scheduled work has now been completed,YO23 3SB,North East,53.9157,-1.1388,0,1726817,,0,False,,,False,False,0
102,PPC049678,,40,8,0d 4:45,2023-03-30T12:00:00Z,2023-03-30T09:00:00Z,Planned Work on System,0,8,LV,0,6,2023-03-30T13:45:18Z,2023-03-30T13:45:18Z,We need to temporarily turn the power off to undertake vegetation management in the area.,The scheduled work has now been completed,YO23 3SE,North East,53.9153,-1.14115,0,1726817,,0,False,,,False,False,0
103,PPC049678,,40,8,0d 4:45,2023-03-30T12:00:00Z,2023-03-30T09:00:00Z,Planned Work on System,0,8,LV,0,6,2023-03-30T13:45:18Z,2023-03-30T13:45:18Z,We need to temporarily turn the power off to undertake vegetation management in the area.,The scheduled work has now been completed,YO23 3YP,North East,53.9164,-1.14075,0,1726817,,0,False,,,False,False,0
104,PPC049677,,21,8,0d 4:45,2023-03-30T15:00:00Z,2023-03-30T09:00:00Z,Planned Work on System,0,8,LV,0,5,2023-03-30T13:45:17Z,2023-03-30T13:45:17Z,We need to temporarily turn the power off to undertake vegetation management in the area.,In Progress,YO10 3NS,North East,53.9595,-1.03831,1,1726816,,0,False,,,False,False,0
105,PPC049677,,21,8,0d 4:45,2023-03-30T15:00:00Z,2023-03-30T09:00:00Z,Planned Work on System,0,8,LV,0,5,2023-03-30T13:45:17Z,2023-03-30T13:45:17Z,We need to temporarily turn the power off to undertake vegetation management in the area.,In Progress,YO10 3NP,North East,53.9599,-1.03483,1,1726816,,0,False,,,False,False,0
106,PPC049677,,21,8,0d 4:45,2023-03-30T15:00:00Z,2023-03-30T09:00:00Z,Planned Work on System,0,8,LV,0,5,2023-03-30T13:45:17Z,2023-03-30T13:45:17Z,We need to temporarily turn the power off to undertake vegetation management in the area.,In Progress,YO10 3PQ,North East,53.9604,-1.03608,1,1726816,,0,False,,,False,False,0
107,PPC049677,,21,8,0d 4:45,2023-03-30T15:00:00Z,2023-03-30T09:00:00Z,Planned Work on System,0,8,LV,0,5,2023-03-30T13:45:17Z,2023-03-30T13:45:17Z,We need to temporarily turn the power off to undertake vegetation management in the area.,In Progress,YO10 3NT,North East,53.9593,-1.03537,1,1726816,,0,False,,,False,False,0
108,PPC049677,,21,8,0d 4:45,2023-03-30T15:00:00Z,2023-03-30T09:00:00Z,Planned Work on System,0,8,LV,0,5,2023-03-30T13:45:17Z,2023-03-30T13:45:17Z,We need to temporarily turn the power off to undertake vegetation management in the area.,In Progress,YO19 5UW,North East,53.9595,-1.03155,1,1726816,,0,False,,,False,False,0
109,PPC049677,,21,8,0d 4:45,2023-03-30T15:00:00Z,2023-03-30T09:00:00Z,Planned Work on System,0,8,LV,0,5,2023-03-30T13:45:17Z,2023-03-30T13:45:17Z,We need to temporarily turn the power off to undertake vegetation management in the area.,In Progress,YO19 5UP,North East,53.9616,-1.02775,1,1726816,,0,False,,,False,False,0
110,PPC049677,,21,8,0d 4:45,2023-03-30T15:00:00Z,2023-03-30T09:00:00Z,Planned Work on System,0,8,LV,0,5,2023-03-30T13:45:17Z,2023-03-30T13:45:17Z,We need to temporarily turn the power off to undertake vegetation management in the area.,In Progress,YO10 3BA,North East,53.9586,-1.03574,1,1726816,,0,False,,,False,False,0
111,PPC049677,,21,8,0d 4:45,2023-03-30T15:00:00Z,2023-03-30T09:00:00Z,Planned Work on System,0,8,LV,0,5,2023-03-30T13:45:17Z,2023-03-30T13:45:17Z,We need to temporarily turn the power off to undertake vegetation management in the area.,In Progress,YO10 3BD,North East,53.9585,-1.03428,1,1726816,,0,False,,,False,False,0
112,PPC049677,,21,8,0d 4:45,2023-03-30T15:00:00Z,2023-03-30T09:00:00Z,Planned Work on System,0,8,LV,0,5,2023-03-30T13:45:17Z,2023-03-30T13:45:17Z,We need to temporarily turn the power off to undertake vegetation management in the area.,In Progress,YO19 5UN,North East,53.9601,-1.02818,1,1726816,,0,False,,,False,False,0
113,PPC049677,,21,8,0d 4:45,2023-03-30T15:00:00Z,2023-03-30T09:00:00Z,Planned Work on System,0,8,LV,0,5,2023-03-30T13:45:17Z,2023-03-30T13:45:17Z,We need to temporarily turn the power off to undertake vegetation management in the area.,In Progress,YO10 3NR,North East,53.9601,-1.03366,1,1726816,,0,False,,,False,False,0
114,PPC049677,,21,8,0d 4:45,2023-03-30T15:00:00Z,2023-03-30T09:00:00Z,Planned Work on System,0,8,LV,0,5,2023-03-30T13:45:17Z,2023-03-30T13:45:17Z,We need to temporarily turn the power off to undertake vegetation management in the area.,In Progress,YO10 3NN,North East,53.9581,-1.03112,1,1726816,,0,False,,,False,False,0
115,PPC049677,,21,8,0d 4:45,2023-03-30T15:00:00Z,2023-03-30T09:00:00Z,Planned Work on System,0,8,LV,0,5,2023-03-30T13:45:17Z,2023-03-30T13:45:17Z,We need to temporarily turn the power off to undertake vegetation management in the area.,In Progress,YO10 3NW,North East,53.9584,-1.03276,1,1726816,,0,False,,,False,False,0
116,PPC049664,,148,1,0d 4:15,2023-03-30T13:30:00Z,2023-03-30T09:30:00Z,Planned Work on System,0,8,LV,0,5,2023-03-30T13:45:16Z,2023-03-30T13:45:16Z,We need to temporarily turn the power off to carry out a permanent repair in the area.,In Progress,TS5  8LH,North East,54.5388,-1.25252,1,1726815,,0,False,,,False,False,0
117,PPC049664,,148,1,0d 4:15,2023-03-30T13:30:00Z,2023-03-30T09:30:00Z,Planned Work on System,0,8,LV,0,5,2023-03-30T13:45:16Z,2023-03-30T13:45:16Z,We need to temporarily turn the power off to carry out a permanent repair in the area.,In Progress,TS5  8LF,North East,54.5382,-1.25298,1,1726815,,0,False,,,False,False,0
118,PPC049664,,148,1,0d 4:15,2023-03-30T13:30:00Z,2023-03-30T09:30:00Z,Planned Work on System,0,8,LV,0,5,2023-03-30T13:45:16Z,2023-03-30T13:45:16Z,We need to temporarily turn the power off to carry out a permanent repair in the area.,In Progress,TS5  8NU,North East,54.5396,-1.25455,1,1726815,,0,False,,,False,False,0
119,PPC049664,,148,1,0d 4:15,2023-03-30T13:30:00Z,2023-03-30T09:30:00Z,Planned Work on System,0,8,LV,0,5,2023-03-30T13:45:16Z,2023-03-30T13:45:16Z,We need to temporarily turn the power off to carry out a permanent repair in the area.,In Progress,TS5  7HA,North East,54.5413,-1.25383,1,1726815,,0,False,,,False,False,0
120,PPC049664,,148,1,0d 4:15,2023-03-30T13:30:00Z,2023-03-30T09:30:00Z,Planned Work on System,0,8,LV,0,5,2023-03-30T13:45:16Z,2023-03-30T13:45:16Z,We need to temporarily turn the power off to carry out a permanent repair in the area.,In Progress,TS5  8LA,North East,54.5381,-1.25102,1,1726815,,0,False,,,False,False,0
121,PPC049664,,148,1,0d 4:15,2023-03-30T13:30:00Z,2023-03-30T09:30:00Z,Planned Work on System,0,8,LV,0,5,2023-03-30T13:45:16Z,2023-03-30T13:45:16Z,We need to temporarily turn the power off to carry out a permanent repair in the area.,In Progress,TS5  8BD,North East,54.5388,-1.25138,1,1726815,,0,False,,,False,False,0
122,PPC049664,,148,1,0d 4:15,2023-03-30T13:30:00Z,2023-03-30T09:30:00Z,Planned Work on System,0,8,LV,0,5,2023-03-30T13:45:16Z,2023-03-30T13:45:16Z,We need to temporarily turn the power off to carry out a permanent repair in the area.,In Progress,TS5  8BB,North East,54.5409,-1.25481,1,1726815,,0,False,,,False,False,0
123,PPC049664,,148,1,0d 4:15,2023-03-30T13:30:00Z,2023-03-30T09:30:00Z,Planned Work on System,0,8,LV,0,5,2023-03-30T13:45:16Z,2023-03-30T13:45:16Z,We need to temporarily turn the power off to carry out a permanent repair in the area.,In Progress,TS5  8NX,North East,54.5399,-1.25434,1,1726815,,0,False,,,False,False,0
124,PPC049664,,148,1,0d 4:15,2023-03-30T13:30:00Z,2023-03-30T09:30:00Z,Planned Work on System,0,8,LV,0,5,2023-03-30T13:45:16Z,2023-03-30T13:45:16Z,We need to temporarily turn the power off to carry out a permanent repair in the area.,In Progress,TS5  8BE,North East,54.5369,-1.24838,1,1726815,,0,False,,,False,False,0
125,PPC049664,,148,1,0d 4:15,2023-03-30T13:30:00Z,2023-03-30T09:30:00Z,Planned Work on System,0,8,LV,0,5,2023-03-30T13:45:16Z,2023-03-30T13:45:16Z,We need to temporarily turn the power off to carry out a permanent repair in the area.,In Progress,TS5  7HB,North East,54.5391,-1.2504,1,1726815,,0,False,,,False,False,0
126,PPC049624,,56,1,0d 4:45,2023-03-30T16:00:00Z,2023-03-30T09:00:00Z,Planned Work on System,0,8,HV_N,0,5,2023-03-30T13:45:16Z,2023-03-30T13:45:16Z,We need to temporarily turn the power off to carry out a permanent repair in the area.,In Progress,LN7  6HZ,Yorkshire,53.4813,-0.379131,1,1726814,,0,False,,,False,False,0
127,PPC049624,,56,1,0d 4:45,2023-03-30T16:00:00Z,2023-03-30T09:00:00Z,Planned Work on System,0,8,HV_N,0,5,2023-03-30T13:45:16Z,2023-03-30T13:45:16Z,We need to temporarily turn the power off to carry out a permanent repair in the area.,In Progress,LN8  6NJ,Yorkshire,53.3329,-0.204847,1,1726814,,0,False,,,False,False,0
128,PPC049624,,56,1,0d 4:45,2023-03-30T16:00:00Z,2023-03-30T09:00:00Z,Planned Work on System,0,8,HV_N,0,5,2023-03-30T13:45:16Z,2023-03-30T13:45:16Z,We need to temporarily turn the power off to carry out a permanent repair in the area.,In Progress,LN8  6NH,Yorkshire,53.333,-0.206329,1,1726814,,0,False,,,False,False,0
129,PPC049624,,56,1,0d 4:45,2023-03-30T16:00:00Z,2023-03-30T09:00:00Z,Planned Work on System,0,8,HV_N,0,5,2023-03-30T13:45:16Z,2023-03-30T13:45:16Z,We need to temporarily turn the power off to carry out a permanent repair in the area.,In Progress,LN8  6NL,Yorkshire,53.335,-0.208741,1,1726814,,0,False,,,False,False,0
130,PPC049624,,56,1,0d 4:45,2023-03-30T16:00:00Z,2023-03-30T09:00:00Z,Planned Work on System,0,8,HV_N,0,5,2023-03-30T13:45:16Z,2023-03-30T13:45:16Z,We need to temporarily turn the power off to carry out a permanent repair in the area.,In Progress,LN8  6JQ,Yorkshire,53.3323,-0.205053,1,1726814,,0,False,,,False,False,0
131,PPC049624,,56,1,0d 4:45,2023-03-30T16:00:00Z,2023-03-30T09:00:00Z,Planned Work on System,0,8,HV_N,0,5,2023-03-30T13:45:16Z,2023-03-30T13:45:16Z,We need to temporarily turn the power off to carry out a permanent repair in the area.,In Progress,LN8  3NN,Yorkshire,53.3633,-0.428999,1,1726814,,0,False,,,False,False,0
132,PPC049624,,56,1,0d 4:45,2023-03-30T16:00:00Z,2023-03-30T09:00:00Z,Planned Work on System,0,8,HV_N,0,5,2023-03-30T13:45:16Z,2023-03-30T13:45:16Z,We need to temporarily turn the power off to carry out a permanent repair in the area.,In Progress,LN8  6NN,Yorkshire,53.3325,-0.211727,1,1726814,,0,False,,,False,False,0
133,PPC049602,,56,8,0d 4:45,2023-03-30T16:30:00Z,2023-03-30T09:00:00Z,Planned Work on System,0,8,HV_N,0,5,2023-03-30T13:45:15Z,2023-03-30T13:45:15Z,We need to temporarily turn the power off to undertake vegetation management in the area.,In Progress,LN11 7RU,Yorkshire,53.4249,0.182002,1,1726813,,0,False,,,False,False,0
134,PPC049602,,56,8,0d 4:45,2023-03-30T16:30:00Z,2023-03-30T09:00:00Z,Planned Work on System,0,8,HV_N,0,5,2023-03-30T13:45:15Z,2023-03-30T13:45:15Z,We need to temporarily turn the power off to undertake vegetation management in the area.,In Progress,LN11 7QX,Yorkshire,53.4423,0.151004,1,1726813,,0,False,,,False,False,0
135,PPC049602,,56,8,0d 4:45,2023-03-30T16:30:00Z,2023-03-30T09:00:00Z,Planned Work on System,0,8,HV_N,0,5,2023-03-30T13:45:15Z,2023-03-30T13:45:15Z,We need to temporarily turn the power off to undertake vegetation management in the area.,In Progress,LN11 7RP,Yorkshire,53.4244,0.187364,1,1726813,,0,False,,,False,False,0
136,PPC049602,,56,8,0d 4:45,2023-03-30T16:30:00Z,2023-03-30T09:00:00Z,Planned Work on System,0,8,HV_N,0,5,2023-03-30T13:45:15Z,2023-03-30T13:45:15Z,We need to temporarily turn the power off to undertake vegetation management in the area.,In Progress,LN11 7RS,Yorkshire,53.4239,0.187521,1,1726813,,0,False,,,False,False,0
137,PPC049602,,56,8,0d 4:45,2023-03-30T16:30:00Z,2023-03-30T09:00:00Z,Planned Work on System,0,8,HV_N,0,5,2023-03-30T13:45:15Z,2023-03-30T13:45:15Z,We need to temporarily turn the power off to undertake vegetation management in the area.,In Progress,LN11 7RA,Yorkshire,53.4403,0.152094,1,1726813,,0,False,,,False,False,0
138,PPC049602,,56,8,0d 4:45,2023-03-30T16:30:00Z,2023-03-30T09:00:00Z,Planned Work on System,0,8,HV_N,0,5,2023-03-30T13:45:15Z,2023-03-30T13:45:15Z,We need to temporarily turn the power off to undertake vegetation management in the area.,In Progress,LN11 7DF,Yorkshire,53.4331,0.16806,1,1726813,,0,False,,,False,False,0
139,PPC049602,,56,8,0d 4:45,2023-03-30T16:30:00Z,2023-03-30T09:00:00Z,Planned Work on System,0,8,HV_N,0,5,2023-03-30T13:45:15Z,2023-03-30T13:45:15Z,We need to temporarily turn the power off to undertake vegetation management in the area.,In Progress,LN11 7RX,Yorkshire,53.4255,0.178812,1,1726813,,0,False,,,False,False,0
140,PPC049602,,56,8,0d 4:45,2023-03-30T16:30:00Z,2023-03-30T09:00:00Z,Planned Work on System,0,8,HV_N,0,5,2023-03-30T13:45:15Z,2023-03-30T13:45:15Z,We need to temporarily turn the power off to undertake vegetation management in the area.,In Progress,LN11 7DE,Yorkshire,53.43,0.147732,1,1726813,,0,False,,,False,False,0
141,PPC049594,,6,8,0d 0:44,2023-03-30T16:00:00Z,2023-03-30T14:30:00Z,Planned Work on System,0,8,LV,0,4,2023-03-30T13:45:15Z,2023-03-30T13:45:15Z,We need to temporarily turn the power off to undertake vegetation management in the area.,Work is scheduled to start,YO26 9ST,North East,54.0341,-1.27552,1,1726812,,0,False,,,False,False,0
142,PPC049593,,25,8,0d 1:15,2023-03-30T14:00:00Z,2023-03-30T12:30:00Z,Planned Work on System,0,8,LV,0,9,2023-03-30T13:45:15Z,2023-03-30T13:45:15Z,We need to temporarily turn the power off to undertake vegetation management in the area.,The scheduled work has been cancelled and is no longer taking place today,YO26 8ER,North East,54.0144,-1.22683,0,1726811,,0,False,,,False,False,0
143,PPC049593,,25,8,0d 1:15,2023-03-30T14:00:00Z,2023-03-30T12:30:00Z,Planned Work on System,0,8,LV,0,9,2023-03-30T13:45:15Z,2023-03-30T13:45:15Z,We need to temporarily turn the power off to undertake vegetation management in the area.,The scheduled work has been cancelled and is no longer taking place today,YO26 8EN,North East,54.0168,-1.23062,0,1726811,,0,False,,,False,False,0
144,PPC049593,,25,8,0d 1:15,2023-03-30T14:00:00Z,2023-03-30T12:30:00Z,Planned Work on System,0,8,LV,0,9,2023-03-30T13:45:15Z,2023-03-30T13:45:15Z,We need to temporarily turn the power off to undertake vegetation management in the area.,The scheduled work has been cancelled and is no longer taking place today,YO26 8EW,North East,54.0134,-1.22633,0,1726811,,0,False,,,False,False,0
145,PPC049589,,8,8,0d 4:15,2023-03-30T14:00:00Z,2023-03-30T09:30:00Z,Planned Work on System,0,8,LV,0,5,2023-03-30T13:45:14Z,2023-03-30T13:45:14Z,We need to temporarily turn the power off to undertake vegetation management in the area.,In Progress,DH2  2AG,North East,54.8614,-1.59035,1,1726810,,0,False,,,False,False,0
146,PPC049589,,8,8,0d 4:15,2023-03-30T14:00:00Z,2023-03-30T09:30:00Z,Planned Work on System,0,8,LV,0,5,2023-03-30T13:45:14Z,2023-03-30T13:45:14Z,We need to temporarily turn the power off to undertake vegetation management in the area.,In Progress,DH2  2NG,North East,54.8602,-1.5962,1,1726810,,0,False,,,False,False,0
147,PPC049480,,1,9,0d 3:15,2023-03-30T14:30:00Z,2023-03-30T10:30:00Z,Planned Work on System,0,8,LV,0,9,2023-03-30T13:45:14Z,2023-03-30T13:45:14Z,We need to temporarily turn the power off to move equipment in order to allow another organisation to work close to our network in the area.,The scheduled work has been cancelled and is no longer taking place today,YO1  8ST,North East,53.9587,-1.0826,0,1726809,,0,False,,,False,False,0
148,PPC049207,,26,3,0d 4:45,2023-03-30T15:00:00Z,2023-03-30T09:00:00Z,Planned Work on System,0,8,HV_N,0,5,2023-03-30T13:45:13Z,2023-03-30T13:45:13Z,We need to temporarily turn the power off to carry out replacement work on our overhead power lines in the area.,In Progress,NE47 9UL,North East,54.8247,-2.23605,1,1726808,,0,False,,,False,False,0
149,PPC049207,,26,3,0d 4:45,2023-03-30T15:00:00Z,2023-03-30T09:00:00Z,Planned Work on System,0,8,HV_N,0,5,2023-03-30T13:45:13Z,2023-03-30T13:45:13Z,We need to temporarily turn the power off to carry out replacement work on our overhead power lines in the area.,In Progress,NE47 9UW,North East,54.8246,-2.24825,1,1726808,,0,False,,,False,False,0
150,PPC049207,,26,3,0d 4:45,2023-03-30T15:00:00Z,2023-03-30T09:00:00Z,Planned Work on System,0,8,HV_N,0,5,2023-03-30T13:45:13Z,2023-03-30T13:45:13Z,We need to temporarily turn the power off to carry out replacement work on our overhead power lines in the area.,In Progress,NE47 9JL,North East,54.8212,-2.24801,1,1726808,,0,False,,,False,False,0
151,PPC049207,,26,3,0d 4:45,2023-03-30T15:00:00Z,2023-03-30T09:00:00Z,Planned Work on System,0,8,HV_N,0,5,2023-03-30T13:45:13Z,2023-03-30T13:45:13Z,We need to temporarily turn the power off to carry out replacement work on our overhead power lines in the area.,In Progress,NE47 9UP,North East,54.8257,-2.26004,1,1726808,,0,False,,,False,False,0
152,PPC049207,,26,3,0d 4:45,2023-03-30T15:00:00Z,2023-03-30T09:00:00Z,Planned Work on System,0,8,HV_N,0,5,2023-03-30T13:45:13Z,2023-03-30T13:45:13Z,We need to temporarily turn the power off to carry out replacement work on our overhead power lines in the area.,In Progress,NE47 9UR,North East,54.8295,-2.25197,1,1726808,,0,False,,,False,False,0
153,PPC049114,,1,3,0d 4:15,2023-03-30T15:30:00Z,2023-03-30T09:30:00Z,Planned Work on System,0,8,HV_N,0,5,2023-03-30T13:45:13Z,2023-03-30T13:45:13Z,We need to temporarily turn the power off to carry out replacement work on our overhead power lines in the area.,In Progress,DN38 6DL,Yorkshire,53.5764,-0.420703,1,1726807,,0,False,,,False,False,0
154,INCD-384571-A,A0005de3bINCD,0,Unknown P2,0d 0:29,2023-03-30T16:25:00Z,2023-03-30T13:16:00Z,Localised Fault,71,4,LV,3,5,2023-03-30T13:25:43Z,2023-03-30T13:45:38Z,"The power cut affecting your property has been caused by an unexpected problem with the cables or equipment that serve your area. If you need to report an emergency, please call 105",Our engineers are currently travelling to the area,LS4  2LN,Yorkshire,53.8108,-1.57916,1,1726737,,0,False,,,False,False,0
155,INCD-384571-A,A0005de3bINCD,0,Unknown P2,0d 0:29,2023-03-30T16:25:00Z,2023-03-30T13:16:00Z,Localised Fault,71,4,LV,3,5,2023-03-30T13:25:43Z,2023-03-30T13:45:38Z,"The power cut affecting your property has been caused by an unexpected problem with the cables or equipment that serve your area. If you need to report an emergency, please call 105",Our engineers are currently travelling to the area,LS4  2LQ,Yorkshire,53.8108,-1.57801,1,1726737,,0,False,,,False,False,0
156,INCD-384571-A,A0005de3bINCD,0,Unknown P2,0d 0:29,2023-03-30T16:25:00Z,2023-03-30T13:16:00Z,Localised Fault,71,4,LV,3,5,2023-03-30T13:25:43Z,2023-03-30T13:45:38Z,"The power cut affecting your property has been caused by an unexpected problem with the cables or equipment that serve your area. If you need to report an emergency, please call 105",Our engineers are currently travelling to the area,LS4  2LH,Yorkshire,53.811,-1.57735,1,1726737,,0,False,,,False,False,0
157,INCD-384571-A,A0005de3bINCD,0,Unknown P2,0d 0:29,2023-03-30T16:25:00Z,2023-03-30T13:16:00Z,Localised Fault,71,4,LV,3,5,2023-03-30T13:25:43Z,2023-03-30T13:45:38Z,"The power cut affecting your property has been caused by an unexpected problem with the cables or equipment that serve your area. If you need to report an emergency, please call 105",Our engineers are currently travelling to the area,LS4  2LG,Yorkshire,53.8104,-1.57841,1,1726737,,0,False,,,False,False,0
158,INCD-384567-A,A0005de37INCD,0,Unknown P2,0d 1:30,2023-03-30T15:18:00Z,2023-03-30T12:14:00Z,Localised Fault,12,3,LV,3,5,2023-03-30T12:20:37Z,2023-03-30T13:45:26Z,"The power cut affecting your property has been caused by an unexpected problem with the cables or equipment that serve your area. If you need to report an emergency, please call 105",Our engineers are currently travelling to the area,LN11 9SB,Yorkshire,53.3149,-0.075958,1,1726435,,0,False,,,False,False,0
159,INCD-384567-A,A0005de37INCD,0,Unknown P2,0d 1:30,2023-03-30T15:18:00Z,2023-03-30T12:14:00Z,Localised Fault,12,3,LV,3,5,2023-03-30T12:20:37Z,2023-03-30T13:45:26Z,"The power cut affecting your property has been caused by an unexpected problem with the cables or equipment that serve your area. If you need to report an emergency, please call 105",Our engineers are currently travelling to the area,LN8  5LJ,Yorkshire,53.3034,-0.159878,1,1726435,,0,False,,,False,False,0
160,INCD-384560-A,A0005de30INCD,8,U/G LV Mains Repair (Other),0d 1:58,2023-03-30T17:15:00Z,2023-03-30T11:47:00Z,Localised Fault,0,3,LV,4,5,2023-03-30T11:50:37Z,2023-03-30T13:45:30Z,"The power cut affecting your property has been caused by an unexpected problem with the cables or equipment that serve your area. If you need to report an emergency, please call 105",Our team are working hard to restore your power as quickly as possible,BD6  1EX,Yorkshire,53.7615,-1.76163,1,1726296,,0,False,,,False,False,0
161,INCD-384560-A,A0005de30INCD,8,U/G LV Mains Repair (Other),0d 1:58,2023-03-30T17:15:00Z,2023-03-30T11:47:00Z,Localised Fault,0,3,LV,4,5,2023-03-30T11:50:37Z,2023-03-30T13:45:30Z,"The power cut affecting your property has been caused by an unexpected problem with the cables or equipment that serve your area. If you need to report an emergency, please call 105",Our team are working hard to restore your power as quickly as possible,BD6  1FE,Yorkshire,53.7604,-1.76052,0,1726296,,0,False,,,False,False,0
162,INCD-384560-A,A0005de30INCD,8,U/G LV Mains Repair (Other),0d 1:58,2023-03-30T17:15:00Z,2023-03-30T11:47:00Z,Localised Fault,0,3,LV,4,5,2023-03-30T11:50:37Z,2023-03-30T13:45:30Z,"The power cut affecting your property has been caused by an unexpected problem with the cables or equipment that serve your area. If you need to report an emergency, please call 105",Our team are working hard to restore your power as quickly as possible,BD12 0HQ,Yorkshire,53.7605,-1.75971,0,1726296,,0,False,,,False,False,0
163,INCD-384560-A,A0005de30INCD,8,U/G LV Mains Repair (Other),0d 1:58,2023-03-30T17:15:00Z,2023-03-30T11:47:00Z,Localised Fault,0,3,LV,4,5,2023-03-30T11:50:37Z,2023-03-30T13:45:30Z,"The power cut affecting your property has been caused by an unexpected problem with the cables or equipment that serve your area. If you need to report an emergency, please call 105",Our team are working hard to restore your power as quickly as possible,BD6  1FD,Yorkshire,53.7609,-1.76023,0,1726296,,0,False,,,False,False,0
164,INCD-384560-A,A0005de30INCD,8,U/G LV Mains Repair (Other),0d 1:58,2023-03-30T17:15:00Z,2023-03-30T11:47:00Z,Localised Fault,0,3,LV,4,5,2023-03-30T11:50:37Z,2023-03-30T13:45:30Z,"The power cut affecting your property has been caused by an unexpected problem with the cables or equipment that serve your area. If you need to report an emergency, please call 105",Our team are working hard to restore your power as quickly as possible,BD12 0HL,Yorkshire,53.759,-1.75934,0,1726296,,0,False,,,False,False,0
165,INCD-384560-A,A0005de30INCD,8,U/G LV Mains Repair (Other),0d 1:58,2023-03-30T17:15:00Z,2023-03-30T11:47:00Z,Localised Fault,0,3,LV,4,5,2023-03-30T11:50:37Z,2023-03-30T13:45:30Z,"The power cut affecting your property has been caused by an unexpected problem with the cables or equipment that serve your area. If you need to report an emergency, please call 105",Our team are working hard to restore your power as quickly as possible,BD6  1DY,Yorkshire,53.761,-1.76176,0,1726296,,0,False,,,False,False,0
166,INCD-28712-B,B00007028INCD,0,Safety Interruption,0d 0:1,2023-03-30T13:44:00Z,2023-03-30T10:44:00Z,Localised Fault,12,4,LV,1,6,2023-03-30T10:45:54Z,2023-03-30T10:50:21Z,We've had to switch off the power for safety purposes whilst our engineers work on the cables and equipment that serves your area. We appreciate your patience and understanding,We are currently allocating the job of restoring power to our engineers who will be shortly travelling to the area,DL10 7SQ,North East,54.3936,-1.65477,0,1725992,,0,False,,,False,False,0
167,INCD-28712-B,B00007028INCD,0,Safety Interruption,0d 0:1,2023-03-30T13:44:00Z,2023-03-30T10:44:00Z,Localised Fault,12,4,LV,1,6,2023-03-30T10:45:54Z,2023-03-30T10:50:21Z,We've had to switch off the power for safety purposes whilst our engineers work on the cables and equipment that serves your area. We appreciate your patience and understanding,We are currently allocating the job of restoring power to our engineers who will be shortly travelling to the area,DL10 7JD,North East,54.3957,-1.65492,0,1725992,,0,False,,,False,False,0
168,INCD-28712-B,B00007028INCD,0,Safety Interruption,0d 0:1,2023-03-30T13:44:00Z,2023-03-30T10:44:00Z,Localised Fault,12,4,LV,1,6,2023-03-30T10:45:54Z,2023-03-30T10:50:21Z,We've had to switch off the power for safety purposes whilst our engineers work on the cables and equipment that serves your area. We appreciate your patience and understanding,We are currently allocating the job of restoring power to our engineers who will be shortly travelling to the area,DL10 7JB,North East,54.3954,-1.65536,0,1725992,,0,False,,,False,False,0
169,INCD-28712-B,B00007028INCD,0,Safety Interruption,0d 0:1,2023-03-30T13:44:00Z,2023-03-30T10:44:00Z,Localised Fault,12,4,LV,1,6,2023-03-30T10:45:54Z,2023-03-30T10:50:21Z,We've had to switch off the power for safety purposes whilst our engineers work on the cables and equipment that serves your area. We appreciate your patience and understanding,We are currently allocating the job of restoring power to our engineers who will be shortly travelling to the area,DL10 7EQ,North East,54.3935,-1.64556,0,1725992,,0,False,,,False,False,0
170,INCD-28712-B,B00007028INCD,0,Safety Interruption,0d 0:1,2023-03-30T13:44:00Z,2023-03-30T10:44:00Z,Localised Fault,12,4,LV,1,6,2023-03-30T10:45:54Z,2023-03-30T10:50:21Z,We've had to switch off the power for safety purposes whilst our engineers work on the cables and equipment that serves your area. We appreciate your patience and understanding,We are currently allocating the job of restoring power to our engineers who will be shortly travelling to the area,DL10 7SL,North East,54.3925,-1.65403,0,1725992,,0,False,,,False,False,0
171,INCD-384547-A,A0005de23INCD,8,Unknown P2,0d 3:5,2023-03-30T17:00:00Z,2023-03-30T10:39:00Z,Large Area Fault,0,4,HV_N,7,5,2023-03-30T10:40:47Z,2023-03-30T13:45:36Z,"The power cut affecting your property has been caused by an unexpected problem with the cables or equipment that serve your area. If you need to report an emergency, please call 105",We have restored power to some of the customers affected and continue to work to restore supply to the remaining customers,HG4  3AD,North East,54.1016,-1.55104,1,1725969,,0,False,,,False,False,0
172,INCD-384547-A,A0005de23INCD,8,Unknown P2,0d 3:5,2023-03-30T17:00:00Z,2023-03-30T10:39:00Z,Large Area Fault,0,4,HV_N,7,5,2023-03-30T10:40:47Z,2023-03-30T13:45:36Z,"The power cut affecting your property has been caused by an unexpected problem with the cables or equipment that serve your area. If you need to report an emergency, please call 105",We have restored power to some of the customers affected and continue to work to restore supply to the remaining customers,HG4  3AY,North East,54.1269,-1.55709,1,1725969,,0,False,,,False,False,0
173,INCD-384547-A,A0005de23INCD,8,Unknown P2,0d 3:5,2023-03-30T17:00:00Z,2023-03-30T10:39:00Z,Large Area Fault,0,4,HV_N,7,5,2023-03-30T10:40:47Z,2023-03-30T13:45:36Z,"The power cut affecting your property has been caused by an unexpected problem with the cables or equipment that serve your area. If you need to report an emergency, please call 105",We have restored power to some of the customers affected and continue to work to restore supply to the remaining customers,HG3  3PF,North East,54.091,-1.55114,1,1725969,,0,False,,,False,False,0
174,INCD-384547-A,A0005de23INCD,8,Unknown P2,0d 3:5,2023-03-30T17:00:00Z,2023-03-30T10:39:00Z,Large Area Fault,0,4,HV_N,7,5,2023-03-30T10:40:47Z,2023-03-30T13:45:36Z,"The power cut affecting your property has been caused by an unexpected problem with the cables or equipment that serve your area. If you need to report an emergency, please call 105",We have restored power to some of the customers affected and continue to work to restore supply to the remaining customers,HG4  3AW,North East,54.1048,-1.56509,1,1725969,,0,False,,,False,False,0
175,INCD-384547-A,A0005de23INCD,8,Unknown P2,0d 3:5,2023-03-30T17:00:00Z,2023-03-30T10:39:00Z,Large Area Fault,0,4,HV_N,7,5,2023-03-30T10:40:47Z,2023-03-30T13:45:36Z,"The power cut affecting your property has been caused by an unexpected problem with the cables or equipment that serve your area. If you need to report an emergency, please call 105",We have restored power to some of the customers affected and continue to work to restore supply to the remaining customers,HG4  2SE,North East,54.124,-1.54264,1,1725969,,0,False,,,False,False,0
176,INCD-384547-A,A0005de23INCD,8,Unknown P2,0d 3:5,2023-03-30T17:00:00Z,2023-03-30T10:39:00Z,Large Area Fault,0,4,HV_N,7,5,2023-03-30T10:40:47Z,2023-03-30T13:45:36Z,"The power cut affecting your property has been caused by an unexpected problem with the cables or equipment that serve your area. If you need to report an emergency, please call 105",We have restored power to some of the customers affected and continue to work to restore supply to the remaining customers,HG4  3AS,North East,54.1155,-1.54583,1,1725969,,0,False,,,False,False,0
177,INCD-384547-A,A0005de23INCD,8,Unknown P2,0d 3:5,2023-03-30T17:00:00Z,2023-03-30T10:39:00Z,Large Area Fault,0,4,HV_N,7,5,2023-03-30T10:40:47Z,2023-03-30T13:45:36Z,"The power cut affecting your property has been caused by an unexpected problem with the cables or equipment that serve your area. If you need to report an emergency, please call 105",We have restored power to some of the customers affected and continue to work to restore supply to the remaining customers,HG4  2QR,North East,54.133,-1.54593,1,1725969,,0,False,,,False,False,0
178,INCD-384547-A,A0005de23INCD,8,Unknown P2,0d 3:5,2023-03-30T17:00:00Z,2023-03-30T10:39:00Z,Large Area Fault,0,4,HV_N,7,5,2023-03-30T10:40:47Z,2023-03-30T13:45:36Z,"The power cut affecting your property has been caused by an unexpected problem with the cables or equipment that serve your area. If you need to report an emergency, please call 105",We have restored power to some of the customers affected and continue to work to restore supply to the remaining customers,HG3  3NU,North East,54.0776,-1.56212,1,1725969,,0,False,,,False,False,0
179,INCD-384547-A,A0005de23INCD,8,Unknown P2,0d 3:5,2023-03-30T17:00:00Z,2023-03-30T10:39:00Z,Large Area Fault,0,4,HV_N,7,5,2023-03-30T10:40:47Z,2023-03-30T13:45:36Z,"The power cut affecting your property has been caused by an unexpected problem with the cables or equipment that serve your area. If you need to report an emergency, please call 105",We have restored power to some of the customers affected and continue to work to restore supply to the remaining customers,HG3  3PG,North East,54.0903,-1.54963,1,1725969,,0,False,,,False,False,0
180,INCD-384547-A,A0005de23INCD,8,Unknown P2,0d 3:5,2023-03-30T17:00:00Z,2023-03-30T10:39:00Z,Large Area Fault,0,4,HV_N,7,5,2023-03-30T10:40:47Z,2023-03-30T13:45:36Z,"The power cut affecting your property has been caused by an unexpected problem with the cables or equipment that serve your area. If you need to report an emergency, please call 105",We have restored power to some of the customers affected and continue to work to restore supply to the remaining customers,HG3  3NP,North East,54.0818,-1.55656,1,1725969,,0,False,,,False,False,0
181,INCD-384547-A,A0005de23INCD,8,Unknown P2,0d 3:5,2023-03-30T17:00:00Z,2023-03-30T10:39:00Z,Large Area Fault,0,4,HV_N,7,5,2023-03-30T10:40:47Z,2023-03-30T13:45:36Z,"The power cut affecting your property has been caused by an unexpected problem with the cables or equipment that serve your area. If you need to report an emergency, please call 105",We have restored power to some of the customers affected and continue to work to restore supply to the remaining customers,HG4  2QL,North East,54.1355,-1.54102,1,1725969,,0,False,,,False,False,0
182,INCD-384547-A,A0005de23INCD,8,Unknown P2,0d 3:5,2023-03-30T17:00:00Z,2023-03-30T10:39:00Z,Large Area Fault,0,4,HV_N,7,5,2023-03-30T10:40:47Z,2023-03-30T13:45:36Z,"The power cut affecting your property has been caused by an unexpected problem with the cables or equipment that serve your area. If you need to report an emergency, please call 105",We have restored power to some of the customers affected and continue to work to restore supply to the remaining customers,HG3  3PQ,North East,54.0848,-1.5536,1,1725969,,0,False,,,False,False,0
183,INCD-384547-A,A0005de23INCD,8,Unknown P2,0d 3:5,2023-03-30T17:00:00Z,2023-03-30T10:39:00Z,Large Area Fault,0,4,HV_N,7,5,2023-03-30T10:40:47Z,2023-03-30T13:45:36Z,"The power cut affecting your property has been caused by an unexpected problem with the cables or equipment that serve your area. If you need to report an emergency, please call 105",We have restored power to some of the customers affected and continue to work to restore supply to the remaining customers,HG3  3PD,North East,54.0869,-1.56404,1,1725969,,0,False,,,False,False,0
184,INCD-384542-A,A0005de1eINCD,1,LV Restoration,0d 1:40,2023-03-30T13:16:00Z,2023-03-30T09:54:00Z,Localised Fault,2,3,LV,4,6,2023-03-30T10:20:28Z,2023-03-30T11:40:12Z,"The power cut affecting your property has been caused by an unexpected problem with the cables or equipment that serve your area. If you need to report an emergency, please call 105",Our team are working hard to restore your power as quickly as possible,BD19 5NB,Yorkshire,53.7204,-1.70536,0,1725874,,0,False,,,False,False,0
185,INCD-384542-A,A0005de1eINCD,1,LV Restoration,0d 1:40,2023-03-30T13:16:00Z,2023-03-30T09:54:00Z,Localised Fault,2,3,LV,4,6,2023-03-30T10:20:28Z,2023-03-30T11:40:12Z,"The power cut affecting your property has been caused by an unexpected problem with the cables or equipment that serve your area. If you need to report an emergency, please call 105",Our team are working hard to restore your power as quickly as possible,BD19 5NA,Yorkshire,53.7203,-1.7054,0,1725874,,0,False,,,False,False,0
186,INCD-384542-A,A0005de1eINCD,1,LV Restoration,0d 1:40,2023-03-30T13:16:00Z,2023-03-30T09:54:00Z,Localised Fault,2,3,LV,4,6,2023-03-30T10:20:28Z,2023-03-30T11:40:12Z,"The power cut affecting your property has been caused by an unexpected problem with the cables or equipment that serve your area. If you need to report an emergency, please call 105",Our team are working hard to restore your power as quickly as possible,BD19 5BD,Yorkshire,53.7195,-1.70729,0,1725874,,0,False,,,False,False,0
187,INCD-384542-A,A0005de1eINCD,1,LV Restoration,0d 1:40,2023-03-30T13:16:00Z,2023-03-30T09:54:00Z,Localised Fault,2,3,LV,4,6,2023-03-30T10:20:28Z,2023-03-30T11:40:12Z,"The power cut affecting your property has been caused by an unexpected problem with the cables or equipment that serve your area. If you need to report an emergency, please call 105",Our team are working hard to restore your power as quickly as possible,BD19 5LY,Yorkshire,53.718,-1.702,0,1725874,,0,False,,,False,False,0
188,INCD-384542-A,A0005de1eINCD,1,LV Restoration,0d 1:40,2023-03-30T13:16:00Z,2023-03-30T09:54:00Z,Localised Fault,2,3,LV,4,6,2023-03-30T10:20:28Z,2023-03-30T11:40:12Z,"The power cut affecting your property has been caused by an unexpected problem with the cables or equipment that serve your area. If you need to report an emergency, please call 105",Our team are working hard to restore your power as quickly as possible,BD19 5NE,Yorkshire,53.7202,-1.70363,0,1725874,,0,False,,,False,False,0
189,INCD-384542-A,A0005de1eINCD,1,LV Restoration,0d 1:40,2023-03-30T13:16:00Z,2023-03-30T09:54:00Z,Localised Fault,2,3,LV,4,6,2023-03-30T10:20:28Z,2023-03-30T11:40:12Z,"The power cut affecting your property has been caused by an unexpected problem with the cables or equipment that serve your area. If you need to report an emergency, please call 105",Our team are working hard to restore your power as quickly as possible,BD19 5LT,Yorkshire,53.7188,-1.70244,0,1725874,,0,False,,,False,False,0
190,INCD-384542-A,A0005de1eINCD,1,LV Restoration,0d 1:40,2023-03-30T13:16:00Z,2023-03-30T09:54:00Z,Localised Fault,2,3,LV,4,6,2023-03-30T10:20:28Z,2023-03-30T11:40:12Z,"The power cut affecting your property has been caused by an unexpected problem with the cables or equipment that serve your area. If you need to report an emergency, please call 105",Our team are working hard to restore your power as quickly as possible,BD19 5BQ,Yorkshire,53.7219,-1.71114,0,1725874,,0,False,,,False,False,0
191,INCD-384542-A,A0005de1eINCD,1,LV Restoration,0d 1:40,2023-03-30T13:16:00Z,2023-03-30T09:54:00Z,Localised Fault,2,3,LV,4,6,2023-03-30T10:20:28Z,2023-03-30T11:40:12Z,"The power cut affecting your property has been caused by an unexpected problem with the cables or equipment that serve your area. If you need to report an emergency, please call 105",Our team are working hard to restore your power as quickly as possible,BD19 5LX,Yorkshire,53.7178,-1.70484,0,1725874,,0,False,,,False,False,0
192,INCD-384542-A,A0005de1eINCD,1,LV Restoration,0d 1:40,2023-03-30T13:16:00Z,2023-03-30T09:54:00Z,Localised Fault,2,3,LV,4,6,2023-03-30T10:20:28Z,2023-03-30T11:40:12Z,"The power cut affecting your property has been caused by an unexpected problem with the cables or equipment that serve your area. If you need to report an emergency, please call 105",Our team are working hard to restore your power as quickly as possible,BD19 5LH,Yorkshire,53.7187,-1.70511,0,1725874,,0,False,,,False,False,0
193,INCD-384542-A,A0005de1eINCD,1,LV Restoration,0d 1:40,2023-03-30T13:16:00Z,2023-03-30T09:54:00Z,Localised Fault,2,3,LV,4,6,2023-03-30T10:20:28Z,2023-03-30T11:40:12Z,"The power cut affecting your property has been caused by an unexpected problem with the cables or equipment that serve your area. If you need to report an emergency, please call 105",Our team are working hard to restore your power as quickly as possible,BD19 6HP,Yorkshire,53.7231,-1.71361,0,1725874,,0,False,,,False,False,0
194,INCD-384542-A,A0005de1eINCD,1,LV Restoration,0d 1:40,2023-03-30T13:16:00Z,2023-03-30T09:54:00Z,Localised Fault,2,3,LV,4,6,2023-03-30T10:20:28Z,2023-03-30T11:40:12Z,"The power cut affecting your property has been caused by an unexpected problem with the cables or equipment that serve your area. If you need to report an emergency, please call 105",Our team are working hard to restore your power as quickly as possible,BD19 5LW,Yorkshire,53.719,-1.70165,0,1725874,,0,False,,,False,False,0
195,INCD-384542-A,A0005de1eINCD,1,LV Restoration,0d 1:40,2023-03-30T13:16:00Z,2023-03-30T09:54:00Z,Localised Fault,2,3,LV,4,6,2023-03-30T10:20:28Z,2023-03-30T11:40:12Z,"The power cut affecting your property has been caused by an unexpected problem with the cables or equipment that serve your area. If you need to report an emergency, please call 105",Our team are working hard to restore your power as quickly as possible,BD19 5LJ,Yorkshire,53.7186,-1.70595,0,1725874,,0,False,,,False,False,0
196,INCD-384542-A,A0005de1eINCD,1,LV Restoration,0d 1:40,2023-03-30T13:16:00Z,2023-03-30T09:54:00Z,Localised Fault,2,3,LV,4,6,2023-03-30T10:20:28Z,2023-03-30T11:40:12Z,"The power cut affecting your property has been caused by an unexpected problem with the cables or equipment that serve your area. If you need to report an emergency, please call 105",Our team are working hard to restore your power as quickly as possible,BD19 5LP,Yorkshire,53.7199,-1.70416,0,1725874,,0,False,,,False,False,0
197,INCD-384542-A,A0005de1eINCD,1,LV Restoration,0d 1:40,2023-03-30T13:16:00Z,2023-03-30T09:54:00Z,Localised Fault,2,3,LV,4,6,2023-03-30T10:20:28Z,2023-03-30T11:40:12Z,"The power cut affecting your property has been caused by an unexpected problem with the cables or equipment that serve your area. If you need to report an emergency, please call 105",Our team are working hard to restore your power as quickly as possible,BD19 6JP,Yorkshire,53.7217,-1.73516,0,1725874,,0,False,,,False,False,0
198,INCD-384542-A,A0005de1eINCD,1,LV Restoration,0d 1:40,2023-03-30T13:16:00Z,2023-03-30T09:54:00Z,Localised Fault,2,3,LV,4,6,2023-03-30T10:20:28Z,2023-03-30T11:40:12Z,"The power cut affecting your property has been caused by an unexpected problem with the cables or equipment that serve your area. If you need to report an emergency, please call 105",Our team are working hard to restore your power as quickly as possible,BD19 5HJ,Yorkshire,53.7216,-1.71926,0,1725874,,0,False,,,False,False,0
199,INCD-384542-A,A0005de1eINCD,1,LV Restoration,0d 1:40,2023-03-30T13:16:00Z,2023-03-30T09:54:00Z,Localised Fault,2,3,LV,4,6,2023-03-30T10:20:28Z,2023-03-30T11:40:12Z,"The power cut affecting your property has been caused by an unexpected problem with the cables or equipment that serve your area. If you need to report an emergency, please call 105",Our team are working hard to restore your power as quickly as possible,BD19 5LQ,Yorkshire,53.7197,-1.70147,0,1725874,,0,False,,,False,False,0
200,INCD-384530-A,A0005de12INCD,3,U/G LV Mains Repair (Other),0d 4:49,2023-03-30T14:45:00Z,2023-03-30T08:55:00Z,Localised Fault,3,3,LV,7,5,2023-03-30T09:00:39Z,2023-03-30T13:45:33Z,"The power cut affecting your property has been caused by an unexpected problem with the cables or equipment that serve your area. If you need to report an emergency, please call 105",We have restored power to some of the customers affected and continue to work to restore supply to the remaining customers,YO19 5XG,North East,53.9833,-0.996971,1,1725498,,0,False,,,False,False,0
201,INCD-384530-A,A0005de12INCD,3,U/G LV Mains Repair (Other),0d 4:49,2023-03-30T14:45:00Z,2023-03-30T08:55:00Z,Localised Fault,3,3,LV,7,5,2023-03-30T09:00:39Z,2023-03-30T13:45:33Z,"The power cut affecting your property has been caused by an unexpected problem with the cables or equipment that serve your area. If you need to report an emergency, please call 105",We have restored power to some of the customers affected and continue to work to restore supply to the remaining customers,YO32 9UD,North East,53.9838,-1.02351,1,1725498,,0,False,,,False,False,0
202,INCD-384527-A,A0005de0fINCD,0,LV Restoration,0d 2:16,2023-03-30T11:48:00Z,2023-03-30T08:48:00Z,Localised Fault,5,3,LV,4,6,2023-03-30T08:50:41Z,2023-03-30T11:10:11Z,"The power cut affecting your property has been caused by an unexpected problem with the cables or equipment that serve your area. If you need to report an emergency, please call 105",Our team are working hard to restore your power as quickly as possible,HX6  4RH,Yorkshire,53.6454,-1.96278,0,1725451,,0,False,,,False,False,0
203,INCD-384527-A,A0005de0fINCD,0,LV Restoration,0d 2:16,2023-03-30T11:48:00Z,2023-03-30T08:48:00Z,Localised Fault,5,3,LV,4,6,2023-03-30T08:50:41Z,2023-03-30T11:10:11Z,"The power cut affecting your property has been caused by an unexpected problem with the cables or equipment that serve your area. If you need to report an emergency, please call 105",Our team are working hard to restore your power as quickly as possible,OL15 0WW,Yorkshire,53.6166,-2.15932,0,1725451,,0,False,,,False,False,0
204,INCD-384526-A,A0005de0eINCD,0,LV Restoration,0d 3:7,1900-01-01T00:00:00,2023-03-30T08:47:00Z,Localised Fault,4,3,LV,4,6,2023-03-30T08:50:40Z,2023-03-30T12:00:20Z,"The power cut affecting your property has been caused by an unexpected problem with the cables or equipment that serve your area. If you need to report an emergency, please call 105",Our team are working hard to restore your power as quickly as possible,DN19 7NA,Yorkshire,53.665,-0.321173,0,1725450,,0,False,,,False,False,0
